ID_Terminal,Timestamp,Status_Conexao,Num_Transacoes,Valor_Total,Status_Alarme
T-008,2025-01-21,Ativo,78,456.17341698644975,Normal
T-027,2025-01-07,Ativo,122,720.3876682502018,Normal
T-004,2025-01-27,Ativo,100,1392.0465551771133,Normal
T-015,2025-01-20,Ativo,87,736.3210150983863,Normal
T-033,2025-01-30,Ativo,61,865.5451855201283,Normal
T-042,2025-01-25,Ativo,192,2399.713467718015,Normal
T-006,2025-01-15,Ativo,166,964.2491245845481,Normal
T-049,2025-01-24,Ativo,53,772.6285945237481,Normal
T-024,2025-01-09,Ativo,57,824.989763699692,Normal
T-001,2025-01-12,Ativo,108,971.8498494524758,Normal
T-005,2025-01-14,Ativo,163,1817.4617795196468,Normal
T-013,2025-01-13,Ativo,187,2786.2256345691976,Normal
T-021,2025-01-07,Ativo,130,729.9721341110055,Normal
T-022,2025-01-12,Ativo,78,737.8474794680507,Normal
T-033,2025-01-29,Ativo,168,2317.171348796368,Normal
T-044,2025-01-08,Ativo,108,698.8267986119155,Normal
T-002,2025-01-03,Ativo,73,625.4299284863201,Normal
T-025,2025-01-03,Ativo,175,2603.386736538101,Normal
T-037,2025-01-22,Ativo,125,702.8413823523571,Normal
T-003,2025-01-20,Ativo,178,1316.4201653872108,Normal
T-019,2025-01-05,Ativo,121,1779.9804766500952,Normal
T-049,2025-01-26,Ativo,105,1565.8942966424315,Normal
T-011,2025-01-11,Ativo,110,761.5179206895378,Normal
T-036,2025-01-22,Ativo,129,1123.8571511180978,Normal
T-026,2025-01-27,Ativo,163,1212.96008338847,Normal
T-042,2025-01-11,Ativo,188,1187.1995454082055,Normal
T-036,2025-01-25,Ativo,94,1271.9042459994314,Normal
T-041,2025-01-21,Ativo,55,300.10681002631105,Normal
T-039,2025-01-20,Ativo,82,513.5370880828922,Normal
T-028,2025-01-27,Ativo,171,1471.9210076791258,Normal
T-035,2025-01-13,Ativo,73,858.8215941752444,Normal
T-001,2025-01-09,Ativo,70,782.2370567394015,Normal
T-041,2025-01-19,Ativo,55,765.3140085929286,Normal
T-020,2025-01-08,Ativo,112,1618.0998649663795,Normal
T-030,2025-01-14,Ativo,198,1173.9997058711922,Normal
T-013,2025-01-21,Ativo,127,1819.8313452169423,Normal
T-002,2025-01-11,Ativo,82,906.8871793204294,Normal
T-028,2025-01-05,Ativo,64,446.1786410066415,Normal
T-015,2025-01-11,Ativo,50,306.61902292037763,Normal
T-042,2025-01-03,Ativo,111,995.4445002658113,Normal
T-028,2025-01-01,Ativo,70,487.04458997848224,Normal
T-036,2025-01-09,Ativo,118,1583.4816088143343,Normal
T-029,2025-01-22,Ativo,179,2093.5886828797916,Normal
T-018,2025-01-03,Ativo,89,834.1021227579466,Normal
T-025,2025-01-27,Ativo,167,1118.495701496193,Normal
T-005,2025-01-06,Ativo,86,1228.3539638254438,Normal
T-003,2025-01-25,Ativo,165,2447.648182476491,Normal
T-020,2025-01-15,Ativo,52,689.6269618128623,Normal
T-043,2025-01-07,Ativo,114,666.2073138207783,Normal
T-024,2025-01-20,Ativo,171,1417.6198186630725,Normal
T-026,2025-01-14,Ativo,61,395.4893525868742,Normal
T-040,2025-01-26,Ativo,159,1336.245290925808,Normal
T-009,2025-01-17,Ativo,166,1290.4527637486801,Normal
T-006,2025-01-22,Ativo,118,1311.8304805565356,Normal
T-010,2025-01-23,Ativo,87,964.03642910144,Normal
T-041,2025-01-01,Ativo,113,1456.7517566452666,Normal
T-038,2025-01-13,Ativo,134,1088.5477965265882,Normal
T-022,2025-01-30,Ativo,64,797.3356876998172,Normal
T-006,2025-01-23,Ativo,125,1332.5465131175954,Normal
T-047,2025-01-09,Ativo,159,2102.830323070873,Normal
T-023,2025-01-10,Ativo,180,1233.8259744179777,Normal
T-033,2025-01-22,Ativo,60,326.2413755279817,Normal
T-023,2025-01-05,Ativo,194,1146.8591113880118,Normal
T-008,2025-01-30,Ativo,190,1719.8839648846927,Normal
T-022,2025-01-07,Ativo,117,937.127373327775,Normal
T-027,2025-01-15,Ativo,192,2170.0007967919564,Normal
T-021,2025-01-02,Ativo,173,1509.7511344313032,Normal
T-046,2025-01-16,Ativo,151,1217.2673847281858,Normal
T-009,2025-01-23,Ativo,190,2680.7616505383007,Normal
T-005,2025-01-26,Ativo,164,1374.3120572365187,Normal
T-030,2025-01-08,Ativo,189,2799.536747510734,Normal
T-032,2025-01-22,Ativo,97,732.0305033846696,Normal
T-008,2025-01-15,Ativo,124,765.1631003702313,Normal
T-010,2025-01-21,Ativo,134,1526.7442183454848,Normal
T-032,2025-01-09,Ativo,128,1385.1497341183644,Normal
T-035,2025-01-19,Ativo,166,2139.1008413561945,Normal
T-047,2025-01-20,Ativo,136,1473.242464225742,Normal
T-001,2025-01-16,Ativo,100,1180.3075385877796,Normal
T-009,2025-01-19,Ativo,185,1578.7016218481976,Normal
T-011,2025-01-20,Ativo,170,2019.234019063341,Normal
T-035,2025-01-03,Ativo,69,883.4758455416194,Normal
T-048,2025-01-04,Ativo,73,920.5575868830716,Normal
T-032,2025-01-05,Ativo,63,426.4389014406283,Normal
T-007,2025-01-18,Ativo,139,1168.4681515552936,Normal
T-005,2025-01-10,Ativo,116,776.6115861558673,Normal
T-032,2025-01-01,Ativo,101,1167.2809092872728,Normal
T-049,2025-01-21,Ativo,181,2533.013934708444,Normal
T-024,2025-01-18,Ativo,61,455.7329727461893,Normal
T-025,2025-01-15,Ativo,63,926.9789092462329,Normal
T-015,2025-01-07,Ativo,141,1232.953871305795,Normal
T-023,2025-01-26,Ativo,141,1695.4756084671865,Normal
T-040,2025-01-04,Ativo,95,912.3403576418299,Normal
T-049,2025-01-16,Ativo,92,1069.9667584504339,Normal
T-043,2025-01-03,Ativo,166,2328.0724900944974,Normal
T-001,2025-01-24,Ativo,130,986.4139760800219,Normal
T-036,2025-01-26,Ativo,156,877.738997390353,Normal
T-030,2025-01-26,Ativo,91,946.1566830715481,Normal
T-023,2025-01-03,Ativo,64,621.7807744656081,Normal
T-019,2025-01-30,Ativo,169,1330.433895895398,Normal
T-031,2025-01-14,Ativo,145,1586.7215883145732,Normal
T-050,2025-01-25,Ativo,97,879.4738478986258,Normal
T-044,2025-01-22,Ativo,158,1097.5056619936977,Normal
T-047,2025-01-21,Ativo,57,287.1773559153924,Normal
T-002,2025-01-05,Ativo,64,425.7708410003216,Normal
T-010,2025-01-28,Ativo,155,2111.663748557455,Normal
T-028,2025-01-06,Ativo,190,1618.0831057553055,Normal
T-035,2025-01-20,Ativo,68,639.3353186097336,Normal
T-035,2025-01-23,Ativo,162,1779.1249763832568,Normal
T-030,2025-01-30,Ativo,122,1003.4841329726265,Normal
T-028,2025-01-20,Ativo,56,736.8192403623973,Normal
T-036,2025-01-23,Ativo,155,2084.4236262433333,Normal
T-026,2025-01-11,Ativo,78,889.2023141327926,Normal
T-046,2025-01-17,Ativo,121,739.307699537491,Normal
T-001,2025-01-04,Ativo,124,1189.4686260376752,Normal
T-029,2025-01-07,Ativo,192,1402.0726433815103,Normal
T-027,2025-01-25,Ativo,61,395.8850321418188,Normal
T-033,2025-01-23,Ativo,66,942.5352026151928,Normal
T-037,2025-01-04,Ativo,70,529.5710437109734,Normal
T-040,2025-01-15,Ativo,122,981.7963363710827,Normal
T-023,2025-01-06,Ativo,57,724.4254514471096,Normal
T-042,2025-01-17,Ativo,57,776.841886660075,Normal
T-014,2025-01-12,Ativo,64,882.3226338390004,Normal
T-036,2025-01-27,Ativo,156,997.2227789434485,Normal
T-022,2025-01-13,Ativo,174,1537.4853331057818,Normal
T-009,2025-01-01,Ativo,175,973.5307324432152,Normal
T-002,2025-01-04,Ativo,173,1342.478584899,Normal
T-006,2025-01-09,Ativo,148,1683.3962542173458,Normal
T-001,2025-01-23,Ativo,57,304.60145703567446,Normal
T-036,2025-01-24,Ativo,119,672.7857275016185,Normal
T-010,2025-01-10,Ativo,127,895.4075672032866,Normal
T-038,2025-01-29,Ativo,158,2344.894304077666,Normal
T-018,2025-01-29,Ativo,158,1848.4695939890619,Normal
T-017,2025-01-30,Ativo,156,1067.6186362591827,Normal
T-049,2025-01-25,Ativo,186,1374.835326674972,Normal
T-042,2025-01-06,Ativo,98,1094.7251857954452,Normal
T-011,2025-01-21,Ativo,105,1442.2575553121162,Normal
T-046,2025-01-20,Ativo,65,768.1366186586048,Normal
T-024,2025-01-30,Ativo,98,1340.907055300213,Normal
T-010,2025-01-24,Ativo,131,1168.8396990806493,Normal
T-049,2025-01-17,Ativo,184,2537.829411317348,Normal
T-003,2025-01-21,Ativo,179,1845.3729041376741,Normal
T-031,2025-01-22,Ativo,175,2616.0160550470923,Normal
T-006,2025-01-18,Ativo,50,471.1761148655523,Normal
T-024,2025-01-05,Ativo,110,1327.1232991355914,Normal
T-031,2025-01-07,Ativo,129,1631.6046431648642,Normal
T-027,2025-01-06,Ativo,138,1891.6397614654177,Normal
T-024,2025-01-16,Ativo,90,597.5995328905475,Normal
T-049,2025-01-15,Ativo,175,1873.636841791636,Normal
T-003,2025-01-19,Ativo,103,549.0422548875648,Normal
T-021,2025-01-12,Ativo,82,1130.4765888112295,Normal
T-017,2025-01-23,Ativo,76,1064.0141678045597,Normal
T-006,2025-01-07,Ativo,55,303.42494664273426,Normal
T-022,2025-01-03,Ativo,112,999.2093568186202,Normal
T-018,2025-01-23,Ativo,129,1771.1001282805667,Normal
T-008,2025-01-06,Ativo,177,1739.062080867477,Normal
T-050,2025-01-04,Ativo,144,1690.7476255719307,Normal
T-045,2025-01-03,Ativo,134,868.2987574702186,Normal
T-006,2025-01-19,Ativo,145,1521.3786638238746,Normal
T-041,2025-01-25,Ativo,148,1030.2246148528216,Normal
T-050,2025-01-18,Ativo,52,346.18988550648106,Normal
T-018,2025-01-14,Ativo,110,1307.2426360705097,Normal
T-035,2025-01-12,Ativo,181,1000.5751684480359,Normal
T-012,2025-01-17,Ativo,113,1209.9794842758704,Normal
T-022,2025-01-24,Ativo,175,1139.3513106165756,Normal
T-023,2025-01-23,Ativo,137,884.9132414281494,Normal
T-050,2025-01-08,Ativo,75,485.4772832092277,Normal
T-025,2025-01-24,Ativo,54,445.6026346813352,Normal
T-044,2025-01-02,Ativo,162,1037.6958074769445,Normal
T-011,2025-01-26,Ativo,96,835.6532186797267,Normal
T-041,2025-01-13,Ativo,181,2129.33171583249,Normal
T-018,2025-01-12,Ativo,122,701.6680937176867,Normal
T-001,2025-01-30,Ativo,64,376.6352013132285,Normal
T-002,2025-01-21,Ativo,186,2251.8329748155647,Normal
T-045,2025-01-09,Ativo,198,2466.802876481484,Normal
T-012,2025-01-29,Ativo,183,2699.372908189611,Normal
T-037,2025-01-05,Ativo,180,2205.2803095920067,Normal
T-046,2025-01-11,Ativo,177,2317.254212916085,Normal
T-022,2025-01-06,Ativo,145,1842.7384573844352,Normal
T-045,2025-01-26,Ativo,80,987.2238100714451,Normal
T-011,2025-01-07,Ativo,167,2000.1048480738762,Normal
T-002,2025-01-07,Ativo,137,1225.9876799005306,Normal
T-012,2025-01-14,Ativo,162,1724.422838886679,Normal
T-009,2025-01-03,Ativo,50,590.5197135484545,Normal
T-043,2025-01-25,Ativo,96,628.2813573343908,Normal
T-035,2025-01-18,Ativo,125,1606.1212213893343,Normal
T-026,2025-01-21,Ativo,173,2030.0381096521069,Normal
T-007,2025-01-29,Ativo,66,682.6561325301718,Normal
T-014,2025-01-27,Ativo,76,642.7289550629787,Normal
T-048,2025-01-09,Ativo,194,1668.4979038478978,Normal
T-016,2025-01-22,Ativo,84,624.2646404395414,Normal
T-046,2025-01-06,Ativo,120,602.7810574857766,Normal
T-010,2025-01-27,Ativo,128,1147.5747613712258,Normal
T-037,2025-01-06,Ativo,98,944.6538369545694,Normal
T-016,2025-01-04,Ativo,111,782.7050009350279,Normal
T-040,2025-01-20,Ativo,79,431.4376158252297,Normal
T-002,2025-01-17,Ativo,84,816.6605371360374,Normal
T-004,2025-01-18,Ativo,195,1288.5757002641224,Normal
T-017,2025-01-11,Ativo,163,851.6249725617914,Normal
T-027,2025-01-20,Ativo,60,662.0691560288268,Normal
T-009,2025-01-08,Ativo,110,904.955027105342,Normal
T-047,2025-01-04,Ativo,130,1585.728889361092,Normal
T-005,2025-01-13,Ativo,153,872.7366801998022,Normal
T-034,2025-01-11,Ativo,71,739.9884158992123,Normal
T-035,2025-01-30,Ativo,152,1629.2458522653237,Normal
T-035,2025-01-24,Ativo,96,1438.4136109372316,Normal
T-038,2025-01-20,Ativo,156,2314.2934974357463,Normal
T-047,2025-01-16,Ativo,154,1922.9136605543479,Normal
T-019,2025-01-24,Ativo,111,1087.6619385373388,Normal
T-037,2025-01-27,Ativo,69,720.9449537683158,Normal
T-029,2025-01-14,Ativo,73,458.7278313015114,Normal
T-012,2025-01-11,Ativo,158,1547.7397207717152,Normal
T-046,2025-01-25,Ativo,83,648.2337340942323,Normal
T-017,2025-01-04,Ativo,54,456.40375823588886,Normal
T-027,2025-01-08,Ativo,117,1346.0986279163074,Normal
T-012,2025-01-04,Ativo,164,1217.6516259609566,Normal
T-029,2025-01-19,Ativo,122,1004.5133057809353,Normal
T-046,2025-01-02,Ativo,84,596.9921696484506,Normal
T-039,2025-01-01,Ativo,53,793.4514232532807,Normal
T-038,2025-01-18,Ativo,129,1750.7612415283913,Normal
T-024,2025-01-08,Ativo,90,1088.1544675058249,Normal
T-025,2025-01-28,Ativo,142,1188.5445105324266,Normal
T-028,2025-01-03,Ativo,173,2516.561851957622,Normal
T-046,2025-01-27,Ativo,169,1529.6235537515872,Normal
T-006,2025-01-08,Ativo,165,1503.7339433435197,Normal
T-003,2025-01-06,Ativo,178,1295.724589324656,Normal
T-047,2025-01-02,Ativo,102,934.4438566325141,Normal
T-034,2025-01-01,Ativo,67,761.1674116989828,Normal
T-041,2025-01-07,Ativo,125,1763.3457242939246,Normal
T-043,2025-01-22,Ativo,83,553.4939674099649,Normal
T-046,2025-01-21,Ativo,194,1941.2110800566104,Normal
T-042,2025-01-26,Ativo,51,595.9720498286862,Normal
T-026,2025-01-02,Ativo,167,1114.9240912014905,Normal
T-019,2025-01-03,Ativo,63,390.92922463547256,Normal
T-036,2025-01-04,Ativo,162,1759.012436474481,Normal
T-013,2025-01-25,Ativo,113,1448.1113643790989,Normal
T-025,2025-01-21,Ativo,119,1371.0266621812211,Normal
T-044,2025-01-27,Ativo,73,1094.7910770338171,Normal
T-048,2025-01-11,Ativo,90,878.3709579104902,Normal
T-045,2025-01-06,Ativo,113,1235.1063854074753,Normal
T-031,2025-01-26,Ativo,164,1111.536876076047,Normal
T-001,2025-01-26,Ativo,183,1295.5332430487856,Normal
T-031,2025-01-27,Ativo,193,1085.2231703910209,Normal
T-033,2025-01-21,Ativo,81,936.7476719385172,Normal
T-018,2025-01-21,Ativo,123,1464.389085908138,Normal
T-042,2025-01-16,Ativo,94,1145.3234760296111,Normal
T-006,2025-01-13,Ativo,112,1045.5432260904313,Normal
T-001,2025-01-15,Ativo,113,1092.4420693702173,Normal
T-022,2025-01-01,Ativo,119,932.1781084360422,Normal
T-014,2025-01-20,Ativo,158,991.4320864845323,Normal
T-025,2025-01-05,Ativo,145,1577.684648230615,Normal
T-049,2025-01-04,Ativo,180,1627.7215450587646,Normal
T-025,2025-01-23,Ativo,115,1561.6841920111117,Normal
T-001,2025-01-05,Ativo,166,1827.8509194937267,Normal
T-006,2025-01-02,Ativo,135,1012.8393366964165,Normal
T-034,2025-01-30,Ativo,119,1638.2144065755588,Normal
T-035,2025-01-02,Ativo,160,1517.777009527268,Normal
T-045,2025-01-01,Ativo,131,1471.6618051888665,Normal
T-047,2025-01-13,Ativo,168,1106.488562804315,Normal
T-033,2025-01-26,Ativo,81,806.7987493307081,Normal
T-030,2025-01-24,Ativo,135,1439.8767389314148,Normal
T-003,2025-01-07,Ativo,170,2240.625102068238,Normal
T-030,2025-01-09,Ativo,52,742.1324661293154,Normal
T-043,2025-01-01,Ativo,170,1112.346660981235,Normal
T-005,2025-01-22,Ativo,62,360.58839184814906,Normal
T-029,2025-01-03,Ativo,118,788.2567651389388,Normal
T-048,2025-01-27,Ativo,167,2140.9656093380554,Normal
T-021,2025-01-09,Ativo,142,1997.2494816113035,Normal
T-047,2025-01-10,Ativo,128,1347.201238282098,Normal
T-034,2025-01-24,Ativo,62,643.9913137526842,Normal
T-012,2025-01-27,Ativo,55,493.82057947515784,Normal
T-028,2025-01-29,Ativo,98,722.1331477949924,Normal
T-012,2025-01-22,Ativo,53,715.9332844531575,Normal
T-009,2025-01-12,Ativo,98,1171.8337152049248,Normal
T-007,2025-01-06,Ativo,65,370.8696858102794,Normal
T-044,2025-01-26,Ativo,178,1923.232329768779,Normal
T-041,2025-01-11,Ativo,70,791.9152871643921,Normal
T-047,2025-01-05,Ativo,81,768.97329105211,Normal
T-008,2025-01-18,Ativo,56,518.611226026287,Normal
T-048,2025-01-22,Ativo,52,424.12621875694197,Normal
T-031,2025-01-08,Ativo,174,1422.5047193055225,Normal
T-049,2025-01-19,Ativo,124,1648.9062691566796,Normal
T-019,2025-01-15,Ativo,190,2139.1936152303174,Normal
T-006,2025-01-14,Ativo,107,618.9483280362246,Normal
T-027,2025-01-21,Ativo,159,1816.6957906260313,Normal
T-026,2025-01-16,Ativo,99,1458.366770589643,Normal
T-008,2025-01-04,Ativo,196,1158.9218865008218,Normal
T-029,2025-01-05,Ativo,168,1739.4016110956704,Normal
T-009,2025-01-04,Ativo,141,2061.663293349104,Normal
T-004,2025-01-29,Ativo,70,701.8459651736346,Normal
T-016,2025-01-11,Ativo,57,776.2178039777049,Normal
T-001,2025-01-28,Ativo,195,2486.509005554173,Normal
T-019,2025-01-16,Ativo,65,602.4310868256619,Normal
T-032,2025-01-12,Ativo,131,739.6478505957527,Normal
T-028,2025-01-04,Ativo,85,1212.9793630768606,Normal
T-029,2025-01-10,Ativo,51,395.01552954006394,Normal
T-034,2025-01-28,Ativo,170,2003.2439988537412,Normal
T-029,2025-01-15,Ativo,68,750.1891989450932,Normal
T-050,2025-01-14,Ativo,183,1417.7079815376424,Normal
T-032,2025-01-25,Ativo,83,735.6695951741019,Normal
T-020,2025-01-20,Ativo,172,1541.536272512573,Normal
T-034,2025-01-21,Ativo,59,732.9853498377804,Normal
T-011,2025-01-29,Ativo,158,888.4993527677615,Normal
T-008,2025-01-23,Ativo,158,1375.6145923656877,Normal
T-049,2025-01-01,Ativo,73,976.9337124683645,Normal
T-045,2025-01-25,Ativo,118,1192.3103370249942,Normal
T-004,2025-01-12,Ativo,180,2441.3837253805664,Normal
T-035,2025-01-06,Ativo,198,1047.5613330810284,Normal
T-039,2025-01-30,Ativo,194,2456.1656664784873,Normal
T-012,2025-01-23,Ativo,111,1449.5100242826693,Normal
T-018,2025-01-16,Ativo,84,1108.0459468463278,Normal
T-027,2025-01-24,Ativo,166,2180.8520386105133,Normal
T-031,2025-01-20,Ativo,80,449.07970168853456,Normal
T-031,2025-01-09,Ativo,183,1182.8644056569158,Normal
T-050,2025-01-19,Ativo,142,1393.493394680644,Normal
T-002,2025-01-12,Ativo,90,1273.4637079894026,Normal
T-029,2025-01-12,Ativo,116,1093.5516814642515,Normal
T-004,2025-01-17,Ativo,148,2181.0224783978697,Normal
T-032,2025-01-15,Ativo,166,1640.4802874561517,Normal
T-016,2025-01-23,Ativo,127,1401.0607007647639,Normal
T-020,2025-01-07,Ativo,173,1587.4147421079263,Normal
T-014,2025-01-21,Ativo,64,830.2690340989143,Normal
T-014,2025-01-29,Ativo,153,1657.5894459921642,Normal
T-035,2025-01-14,Ativo,131,1443.8107937087502,Normal
T-036,2025-01-16,Ativo,109,688.1708548779483,Normal
T-021,2025-01-27,Ativo,62,692.4946893929601,Normal
T-017,2025-01-12,Ativo,63,782.2627748640593,Normal
T-042,2025-01-15,Ativo,158,1750.490238263312,Normal
T-019,2025-01-14,Ativo,142,1649.5503486143689,Normal
T-049,2025-01-28,Ativo,77,983.2345679519636,Normal
T-027,2025-01-01,Ativo,82,902.4998248879135,Normal
T-001,2025-01-01,Ativo,152,1970.745340027554,Normal
T-045,2025-01-05,Ativo,167,1215.34205929236,Normal
T-032,2025-01-03,Ativo,111,1281.0241328629181,Normal
T-024,2025-01-21,Ativo,149,1853.9758077364838,Normal
T-017,2025-01-18,Ativo,195,2007.840273377408,Normal
T-025,2025-01-29,Ativo,143,923.431892589995,Normal
T-015,2025-01-03,Ativo,160,1961.7529376998414,Normal
T-040,2025-01-24,Ativo,117,1611.3701648797746,Normal
T-006,2025-01-30,Ativo,150,1347.7571015960602,Normal
T-049,2025-01-10,Ativo,153,966.2229483820581,Normal
T-005,2025-01-23,Ativo,184,1842.7899822244472,Normal
T-047,2025-01-07,Ativo,103,588.9290804133084,Normal
T-038,2025-01-06,Ativo,146,1300.4634137958756,Normal
T-002,2025-01-25,Ativo,181,2547.695317806228,Normal
T-046,2025-01-18,Ativo,83,420.0536610390664,Normal
T-005,2025-01-29,Ativo,135,1118.006101090888,Normal
T-032,2025-01-23,Ativo,59,843.8881420543161,Normal
T-039,2025-01-06,Ativo,175,1538.2974708834204,Normal
T-047,2025-01-25,Ativo,156,1201.8135267598598,Normal
T-030,2025-01-22,Ativo,104,688.2347798061941,Normal
T-020,2025-01-22,Ativo,52,684.2332249951213,Normal
T-046,2025-01-09,Ativo,192,1234.2725516176101,Normal
T-028,2025-01-17,Ativo,120,954.3339470643721,Normal
T-027,2025-01-29,Ativo,119,1483.782102201629,Normal
T-029,2025-01-01,Ativo,68,918.7984973798841,Normal
T-010,2025-01-16,Ativo,167,2223.390388404377,Normal
T-007,2025-01-30,Ativo,133,1764.1884299232963,Normal
T-014,2025-01-28,Ativo,60,875.4448767384166,Normal
T-001,2025-01-02,Ativo,64,788.4761227592992,Normal
T-045,2025-01-11,Ativo,69,667.0796332895196,Normal
T-021,2025-01-26,Ativo,88,609.956920836818,Normal
T-039,2025-01-14,Ativo,83,703.7913716131982,Normal
T-022,2025-01-26,Ativo,96,882.9382242490774,Normal
T-026,2025-01-12,Ativo,84,799.8471837580855,Normal
T-017,2025-01-03,Ativo,168,1290.3469165824322,Normal
T-004,2025-01-21,Ativo,70,475.1758964549302,Normal
T-014,2025-01-08,Ativo,102,1434.601553183838,Normal
T-019,2025-01-25,Ativo,65,892.8901242211202,Normal
T-013,2025-01-14,Ativo,62,734.4343596854966,Normal
T-006,2025-01-24,Ativo,135,694.4312096501704,Normal
T-046,2025-01-19,Ativo,132,1349.8011111245037,Normal
T-035,2025-01-29,Ativo,127,1583.9688764323878,Normal
T-016,2025-01-19,Ativo,121,730.9713842013343,Normal
T-011,2025-01-28,Ativo,127,1222.4190894890978,Normal
T-002,2025-01-28,Ativo,120,947.7017434965217,Normal
T-010,2025-01-03,Ativo,147,789.1281454249073,Normal
T-047,2025-01-28,Ativo,161,2312.477057890342,Normal
T-039,2025-01-07,Ativo,58,765.0568380397605,Normal
T-019,2025-01-11,Ativo,147,2035.9475840892233,Normal
T-045,2025-01-13,Ativo,164,1578.7879923072453,Normal
T-015,2025-01-21,Ativo,140,1333.10511724573,Normal
T-020,2025-01-09,Ativo,60,842.2343803051623,Normal
T-016,2025-01-26,Ativo,56,634.614833950138,Normal
T-018,2025-01-17,Ativo,157,1875.67345924145,Normal
T-044,2025-01-09,Ativo,79,497.73774818379957,Normal
T-027,2025-01-13,Ativo,124,1085.833592333341,Normal
T-034,2025-01-22,Ativo,95,1060.1861777471702,Normal
T-045,2025-01-04,Ativo,54,526.7948602428864,Normal
T-044,2025-01-04,Ativo,137,1377.4735115373164,Normal
T-032,2025-01-13,Ativo,188,1794.2293889727266,Normal
T-015,2025-01-28,Ativo,130,1899.3914127102917,Normal
T-011,2025-01-08,Ativo,181,1234.2029527624522,Normal
T-020,2025-01-10,Ativo,101,570.6362735777229,Normal
T-031,2025-01-04,Ativo,74,724.7222857020104,Normal
T-009,2025-01-15,Ativo,61,889.8084685187862,Normal
T-049,2025-01-22,Ativo,147,1621.8389544009663,Normal
T-010,2025-01-17,Ativo,99,1338.6596853153546,Normal
T-032,2025-01-27,Ativo,136,1385.0349098454774,Normal
T-040,2025-01-17,Ativo,68,933.4726109049669,Normal
T-034,2025-01-08,Ativo,51,322.18167446182656,Normal
T-033,2025-01-07,Ativo,77,658.2278473978056,Normal
T-022,2025-01-11,Ativo,99,1475.2468890231405,Normal
T-030,2025-01-17,Ativo,65,654.4449806833137,Normal
T-014,2025-01-04,Ativo,153,1341.7249770201088,Normal
T-048,2025-01-05,Ativo,66,776.2314327335114,Normal
T-016,2025-01-24,Ativo,95,1263.708871338642,Normal
T-028,2025-01-10,Ativo,84,907.98292474075,Normal
T-034,2025-01-19,Ativo,181,1084.5123602528608,Normal
T-042,2025-01-13,Ativo,157,1930.880684892111,Normal
T-017,2025-01-26,Ativo,102,688.8787041959187,Normal
T-015,2025-01-12,Ativo,198,1317.7306105272337,Normal
T-017,2025-01-22,Ativo,166,848.2530755730776,Normal
T-007,2025-01-20,Ativo,107,1280.5087669396412,Normal
T-031,2025-01-21,Ativo,59,419.9356568926322,Normal
T-021,2025-01-11,Ativo,147,1534.354994756177,Normal
T-016,2025-01-16,Ativo,81,984.9375053663921,Normal
T-017,2025-01-13,Ativo,74,560.8368872205697,Normal
T-009,2025-01-06,Ativo,166,2428.949415471415,Normal
T-047,2025-01-18,Ativo,142,776.5297101091965,Normal
T-005,2025-01-11,Ativo,74,662.0716854390095,Normal
T-032,2025-01-29,Ativo,136,1605.1097797233606,Normal
T-036,2025-01-02,Ativo,110,1627.6113865372718,Normal
T-002,2025-01-23,Ativo,112,1563.2552271543418,Normal
T-026,2025-01-25,Ativo,135,1019.663808383383,Normal
T-043,2025-01-08,Ativo,150,934.5049426856184,Normal
T-015,2025-01-02,Ativo,190,1214.3207688718176,Normal
T-043,2025-01-10,Ativo,72,948.0407058421521,Normal
T-035,2025-01-28,Ativo,192,1747.0173882168733,Normal
T-006,2025-01-10,Ativo,101,639.0728764653995,Normal
T-016,2025-01-17,Ativo,142,1289.3379834180794,Normal
T-010,2025-01-11,Ativo,50,727.0255136293612,Normal
T-003,2025-01-12,Ativo,145,1534.2479029251447,Normal
T-037,2025-01-11,Ativo,82,839.1805473269804,Normal
T-047,2025-01-22,Ativo,118,1699.7292367686837,Normal
T-045,2025-01-14,Ativo,97,575.8622480847329,Normal
T-004,2025-01-05,Ativo,91,689.7268812207916,Normal
T-009,2025-01-30,Ativo,60,656.4784292112811,Normal
T-012,2025-01-16,Ativo,55,769.8060684297567,Normal
T-007,2025-01-08,Ativo,177,2011.4343674794397,Normal
T-024,2025-01-02,Ativo,171,2224.0032554765316,Normal
T-036,2025-01-29,Ativo,192,1001.9009218089398,Normal
T-008,2025-01-19,Ativo,186,2458.659710280063,Normal
T-047,2025-01-08,Ativo,163,1209.3486389143131,Normal
T-023,2025-01-16,Ativo,121,980.5379702975242,Normal
T-040,2025-01-07,Ativo,127,1243.418980141256,Normal
T-040,2025-01-19,Ativo,110,625.1750290854865,Normal
T-008,2025-01-14,Ativo,182,2251.404713359636,Normal
T-012,2025-01-15,Ativo,91,713.2360742768393,Normal
T-050,2025-01-12,Ativo,64,546.7313694982698,Normal
T-035,2025-01-15,Ativo,109,896.0977246098123,Normal
T-032,2025-01-10,Ativo,107,737.9734875469046,Normal
T-017,2025-01-17,Ativo,86,445.8159818308214,Normal
T-033,2025-01-24,Ativo,108,1134.0992956948085,Normal
T-017,2025-01-07,Ativo,135,1727.6743459638415,Normal
T-037,2025-01-14,Ativo,135,1415.9321865720792,Normal
T-008,2025-01-17,Ativo,194,1166.1779916782132,Normal
T-009,2025-01-09,Ativo,129,1325.7344307213268,Normal
T-047,2025-01-27,Ativo,100,933.8174195765295,Normal
T-015,2025-01-24,Ativo,137,1111.7182444518776,Normal
T-033,2025-01-02,Ativo,158,2057.3662818415883,Normal
T-002,2025-01-08,Ativo,185,935.2159166786645,Normal
T-036,2025-01-01,Ativo,193,1356.6671894195613,Normal
T-012,2025-01-02,Ativo,156,1610.0970370138923,Normal
T-015,2025-01-27,Ativo,163,1896.5659163872383,Normal
T-030,2025-01-12,Ativo,153,1940.957701326418,Normal
T-033,2025-01-25,Ativo,163,2352.213615523873,Normal
T-040,2025-01-29,Ativo,162,1272.1703481388527,Normal
T-031,2025-01-13,Ativo,61,894.1515183034642,Normal
T-040,2025-01-08,Ativo,162,878.0799737776766,Normal
T-040,2025-01-25,Ativo,51,595.5803884454674,Normal
T-040,2025-01-02,Ativo,164,2307.799850357561,Normal
T-026,2025-01-05,Ativo,93,880.1228412567045,Normal
T-014,2025-01-03,Ativo,89,847.2342551561449,Normal
T-045,2025-01-08,Ativo,96,1315.1703932617775,Normal
T-012,2025-01-07,Ativo,135,1117.1214254401846,Normal
T-018,2025-01-25,Ativo,130,1506.4183767239324,Normal
T-050,2025-01-30,Ativo,183,1262.8969991042215,Normal
T-038,2025-01-28,Ativo,65,967.4703931178498,Normal
T-016,2025-01-13,Ativo,59,454.73935715469673,Normal
T-047,2025-01-06,Ativo,59,779.64487506913,Normal
T-045,2025-01-19,Ativo,53,692.4923514329267,Normal
T-014,2025-01-09,Ativo,88,542.8702758233604,Normal
T-026,2025-01-23,Ativo,57,374.0133915315391,Normal
T-036,2025-01-17,Ativo,106,1326.4575911907884,Normal
T-016,2025-01-10,Ativo,112,675.3392568510734,Normal
T-025,2025-01-19,Ativo,63,639.3349329757049,Normal
T-033,2025-01-09,Ativo,145,824.6336071514883,Normal
T-038,2025-01-19,Ativo,52,726.5368973016018,Normal
T-003,2025-01-29,Ativo,142,1928.869502835482,Normal
T-014,2025-01-07,Ativo,194,2715.174672152663,Normal
T-010,2025-01-08,Ativo,102,1473.6610444800765,Normal
T-026,2025-01-26,Ativo,104,1537.7765388965518,Normal
T-008,2025-01-16,Ativo,125,1485.0375127187988,Normal
T-020,2025-01-24,Ativo,138,1508.2571100815505,Normal
T-041,2025-01-08,Ativo,96,612.0228238243348,Normal
T-004,2025-01-16,Ativo,161,968.3691840143117,Normal
T-049,2025-01-18,Ativo,100,523.5949646455291,Normal
T-042,2025-01-14,Ativo,121,1703.2093130934315,Normal
T-026,2025-01-19,Ativo,177,1119.904937260121,Normal
T-028,2025-01-02,Ativo,129,1480.2423812594377,Normal
T-018,2025-01-20,Ativo,98,624.0822583005822,Normal
T-037,2025-01-18,Ativo,71,958.48251375127,Normal
T-048,2025-01-10,Ativo,97,858.566516305425,Normal
T-005,2025-01-25,Ativo,193,1062.983264906036,Normal
T-033,2025-01-10,Ativo,187,974.1670771278069,Normal
T-015,2025-01-26,Ativo,199,1432.993456021383,Normal
T-011,2025-01-16,Ativo,61,430.86356822753345,Normal
T-049,2025-01-12,Ativo,183,1711.9789546141092,Normal
T-042,2025-01-18,Ativo,136,1655.8980896349685,Normal
T-023,2025-01-13,Ativo,133,1237.3068402162853,Normal
T-014,2025-01-18,Ativo,146,880.2574048864517,Normal
T-008,2025-01-28,Ativo,140,1048.213816202403,Normal
T-041,2025-01-04,Ativo,186,2174.712489064826,Normal
T-015,2025-01-04,Ativo,149,2113.938278168512,Normal
T-039,2025-01-13,Ativo,70,429.0602458878215,Normal
T-017,2025-01-06,Ativo,148,2143.7108943039916,Normal
T-033,2025-01-11,Ativo,161,2363.2546561004992,Normal
T-016,2025-01-03,Ativo,172,2235.6250779677434,Normal
T-007,2025-01-10,Ativo,173,1087.3056110946648,Normal
T-027,2025-01-30,Ativo,157,2285.1722026492475,Normal
T-011,2025-01-02,Ativo,133,1275.6505557968874,Normal
T-032,2025-01-19,Ativo,190,1202.9755079383842,Normal
T-021,2025-01-04,Ativo,139,1435.3175019670591,Normal
T-002,2025-01-01,Ativo,89,1196.6351253235548,Normal
T-021,2025-01-23,Ativo,88,581.4687085225112,Normal
T-013,2025-01-16,Ativo,150,754.0663491214945,Normal
T-035,2025-01-27,Ativo,197,2532.733687618057,Normal
T-039,2025-01-29,Ativo,191,2680.8909827023786,Normal
T-037,2025-01-15,Ativo,147,855.1362582477641,Normal
T-046,2025-01-10,Ativo,185,2347.507146899136,Normal
T-018,2025-01-06,Ativo,160,2326.5390984634128,Normal
T-050,2025-01-09,Ativo,54,538.5487209312452,Normal
T-004,2025-01-11,Ativo,196,2402.873130585669,Normal
T-002,2025-01-06,Ativo,138,2051.9039725087137,Normal
T-024,2025-01-13,Ativo,133,1400.4919319473047,Normal
T-048,2025-01-29,Ativo,102,1211.805332712734,Normal
T-028,2025-01-24,Ativo,70,968.9445243438855,Normal
T-034,2025-01-16,Ativo,160,1057.357078332394,Normal
T-002,2025-01-30,Ativo,94,747.8956646874512,Normal
T-039,2025-01-04,Ativo,180,1849.3193198208173,Normal
T-043,2025-01-21,Ativo,173,2055.940681991397,Normal
T-004,2025-01-20,Ativo,117,862.5814323712561,Normal
T-012,2025-01-30,Ativo,143,959.3692499677942,Normal
T-024,2025-01-07,Ativo,122,673.4049660547963,Normal
T-008,2025-01-26,Ativo,119,1437.7356227440077,Normal
T-032,2025-01-06,Ativo,135,1976.1600719011738,Normal
T-047,2025-01-19,Ativo,145,1585.5543563151052,Normal
T-026,2025-01-18,Ativo,87,556.4965916379922,Normal
T-012,2025-01-28,Ativo,124,1693.2288361085355,Normal
T-041,2025-01-16,Ativo,116,1336.580141072748,Normal
T-036,2025-01-08,Ativo,84,780.9117227007055,Normal
T-029,2025-01-26,Ativo,93,766.6303903972993,Normal
T-031,2025-01-06,Ativo,63,402.6947555090438,Normal
T-040,2025-01-14,Ativo,120,1345.6133967042356,Normal
T-018,2025-01-13,Ativo,66,602.4437434004565,Normal
T-039,2025-01-19,Ativo,64,482.54391972609585,Normal
T-012,2025-01-20,Ativo,199,1443.4122674479313,Normal
T-021,2025-01-14,Ativo,141,1904.320238022881,Normal
T-009,2025-01-28,Ativo,82,1047.6338726628849,Normal
T-011,2025-01-09,Ativo,74,1033.6234233304488,Normal
T-034,2025-01-23,Ativo,115,983.6922539886002,Normal
T-031,2025-01-10,Ativo,166,1032.1247724679563,Normal
T-024,2025-01-06,Ativo,183,2003.4412463997933,Normal
T-049,2025-01-13,Ativo,82,1016.0017773861262,Normal
T-023,2025-01-29,Ativo,126,729.0089064153261,Normal
T-008,2025-01-13,Ativo,191,2004.600165238335,Normal
T-034,2025-01-09,Ativo,76,1113.4986040165174,Normal
T-032,2025-01-21,Ativo,178,2329.812561712664,Normal
T-042,2025-01-21,Ativo,176,2046.2895429844657,Normal
T-006,2025-01-29,Ativo,82,791.0325266104813,Normal
T-030,2025-01-06,Ativo,170,2247.0709546318476,Normal
T-021,2025-01-17,Ativo,138,1973.5246837034392,Normal
T-027,2025-01-26,Ativo,97,1047.7671981505125,Normal
T-036,2025-01-06,Ativo,130,1858.5019997383895,Normal
T-046,2025-01-22,Ativo,173,2088.259605671388,Normal
T-046,2025-01-14,Ativo,83,479.44894777743224,Normal
T-021,2025-01-25,Ativo,126,1269.4093445386536,Normal
T-025,2025-01-11,Ativo,67,758.1453474619888,Normal
T-033,2025-01-18,Ativo,189,1841.4952477227441,Normal
T-042,2025-01-12,Ativo,95,631.9437423709577,Normal
T-030,2025-01-10,Ativo,72,647.5074593827019,Normal
T-015,2025-01-19,Ativo,74,1009.0034240535882,Normal
T-024,2025-01-25,Ativo,199,1656.3061044566666,Normal
T-020,2025-01-30,Ativo,89,1274.1146446039008,Normal
T-001,2025-01-29,Ativo,63,773.1813573895452,Normal
T-050,2025-01-20,Ativo,157,2109.529972561363,Normal
T-005,2025-01-30,Ativo,112,1659.661794907795,Normal
T-020,2025-01-17,Ativo,96,687.6710621150913,Normal
T-018,2025-01-28,Ativo,61,439.93775950995735,Normal
T-015,2025-01-18,Ativo,84,754.4617026163924,Normal
T-001,2025-01-13,Ativo,64,611.884789898903,Normal
T-004,2025-01-04,Ativo,153,975.4070445433697,Normal
T-003,2025-01-30,Ativo,196,2373.853083578515,Normal
T-007,2025-01-04,Ativo,145,1966.9102697230671,Normal
T-025,2025-01-04,Ativo,99,1353.361181161224,Normal
T-032,2025-01-07,Ativo,179,1134.5086879402847,Normal
T-043,2025-01-06,Ativo,61,484.9748316690353,Normal
T-028,2025-01-18,Ativo,91,1290.1547651459534,Normal
T-032,2025-01-11,Ativo,182,1301.6674070713723,Normal
T-037,2025-01-21,Ativo,174,2173.753660090651,Normal
T-025,2025-01-18,Ativo,109,986.4726709975505,Normal
T-038,2025-01-07,Ativo,55,479.5629673542757,Normal
T-026,2025-01-06,Ativo,160,2189.234048821214,Normal
T-042,2025-01-10,Ativo,60,326.91214081414114,Normal
T-047,2025-01-11,Ativo,53,340.7242595098882,Normal
T-024,2025-01-15,Ativo,176,2012.6967435458837,Normal
T-041,2025-01-02,Ativo,198,1116.0090003875519,Normal
T-015,2025-01-14,Ativo,104,756.4914457121972,Normal
T-015,2025-01-10,Ativo,90,1283.0116616160988,Normal
T-049,2025-01-30,Ativo,155,2163.916423281589,Normal
T-014,2025-01-16,Ativo,135,1638.986511001879,Normal
T-034,2025-01-02,Ativo,198,2927.22661202518,Normal
T-009,2025-01-20,Ativo,77,444.85567046303834,Normal
T-003,2025-01-04,Ativo,177,2314.1690746403906,Normal
T-025,2025-01-09,Ativo,164,1285.521426918178,Normal
T-023,2025-01-27,Ativo,146,1485.8589993416788,Normal
T-018,2025-01-01,Ativo,85,1080.3380367051568,Normal
T-026,2025-01-29,Ativo,162,859.2270367088757,Normal
T-039,2025-01-05,Ativo,74,978.9892502038997,Normal
T-012,2025-01-13,Ativo,160,1992.703158694928,Normal
T-035,2025-01-10,Ativo,63,770.7450023357404,Normal
T-003,2025-01-15,Ativo,88,877.5786851852993,Normal
T-034,2025-01-07,Ativo,78,957.7987978499796,Normal
T-044,2025-01-10,Ativo,171,1053.5976219428987,Normal
T-006,2025-01-05,Ativo,102,786.9737741361367,Normal
T-046,2025-01-30,Ativo,194,2212.5235218211374,Normal
T-010,2025-01-18,Ativo,103,1512.0129784030178,Normal
T-001,2025-01-14,Ativo,100,882.4619912671627,Normal
T-016,2025-01-18,Ativo,106,765.2904916489264,Normal
T-038,2025-01-04,Ativo,162,854.0112223854069,Normal
T-042,2025-01-01,Ativo,173,1357.8908772485622,Normal
T-019,2025-01-22,Ativo,88,448.34718159307835,Normal
T-044,2025-01-19,Ativo,158,1993.8048639156948,Normal
T-048,2025-01-20,Ativo,186,1184.0776807911811,Normal
T-007,2025-01-11,Ativo,150,1688.909505152359,Normal
T-024,2025-01-22,Ativo,168,1568.5409610467332,Normal
T-025,2025-01-02,Ativo,53,654.7356582928489,Normal
T-029,2025-01-17,Ativo,158,915.4826030025988,Normal
T-027,2025-01-17,Ativo,109,1142.8646966001095,Normal
T-023,2025-01-24,Ativo,125,1858.328241583933,Normal
T-022,2025-01-17,Ativo,78,1126.5568352671073,Normal
T-050,2025-01-05,Ativo,114,963.5191176833999,Normal
T-033,2025-01-13,Ativo,122,1075.966360376533,Normal
T-031,2025-01-29,Ativo,89,1169.4335398603569,Normal
T-013,2025-01-23,Ativo,84,1198.2175158153573,Normal
T-026,2025-01-30,Ativo,121,1567.567549752648,Normal
T-039,2025-01-09,Ativo,170,1650.9854281857847,Normal
T-003,2025-01-08,Ativo,52,263.61510787621916,Normal
T-030,2025-01-20,Ativo,154,904.9698300163113,Normal
T-035,2025-01-25,Ativo,167,1908.0838832237698,Normal
T-005,2025-01-18,Ativo,153,1831.43408372276,Normal
T-012,2025-01-20,Ativo,870,10719.466679533716,Disparado
T-040,2025-01-13,Ativo,77,398.8650478123499,Normal
T-018,2025-01-05,Ativo,103,1005.3319142650727,Normal
T-044,2025-01-28,Ativo,190,2139.845210700021,Normal
T-026,2025-01-24,Ativo,151,2065.894804110033,Normal
T-027,2025-01-28,Ativo,92,1163.692600618758,Normal
T-027,2025-01-18,Ativo,98,1024.773150725564,Normal
T-012,2025-01-26,Ativo,89,1065.2957015061152,Normal
T-042,2025-01-20,Ativo,117,1034.091493162626,Normal
T-048,2025-01-25,Ativo,149,872.1585913616441,Normal
T-047,2025-01-23,Ativo,113,922.3852691941166,Normal
T-014,2025-01-25,Ativo,164,1958.0754489260441,Normal
T-040,2025-01-11,Ativo,132,1944.0647462175534,Normal
T-037,2025-01-08,Ativo,189,1605.5670432440875,Normal
T-017,2025-01-21,Ativo,171,2086.546414591226,Normal
T-011,2025-01-04,Ativo,175,1983.45149505427,Normal
T-045,2025-01-20,Ativo,97,1451.2392611502578,Normal
T-029,2025-01-27,Ativo,52,358.96892866591526,Normal
T-016,2025-01-09,Ativo,162,1459.2361586180282,Normal
T-009,2025-01-13,Ativo,50,563.7790400420317,Normal
T-036,2025-01-11,Ativo,54,651.2502641385734,Normal
T-022,2025-01-25,Ativo,141,1736.0907944328967,Normal
T-012,2025-01-21,Ativo,119,887.6896967775647,Normal
T-027,2025-01-02,Ativo,80,927.1083761861257,Normal
T-013,2025-01-05,Ativo,167,2022.2906396573699,Normal
T-031,2025-01-01,Ativo,115,751.8598221182357,Normal
T-016,2025-01-08,Ativo,127,1541.8551837330817,Normal
T-020,2025-01-03,Ativo,122,743.5504703885205,Normal
T-024,2025-01-27,Ativo,180,1046.7476811943682,Normal
T-004,2025-01-01,Ativo,196,1663.3853350917896,Normal
T-037,2025-01-24,Ativo,187,2763.975599610498,Normal
T-022,2025-01-22,Ativo,133,1535.4999149939097,Normal
T-010,2025-01-06,Ativo,144,1799.8714792367593,Normal
T-001,2025-01-27,Ativo,53,362.97286142852937,Normal
T-019,2025-01-10,Ativo,157,974.2900106703278,Normal
T-007,2025-01-02,Ativo,149,812.5029745603463,Normal
T-037,2025-01-16,Ativo,147,1447.503542081169,Normal
T-009,2025-01-24,Ativo,183,2653.133841324221,Normal
T-039,2025-01-17,Ativo,199,2463.757555443649,Normal
T-040,2025-01-06,Ativo,84,766.7193485834619,Normal
T-003,2025-01-17,Ativo,130,996.8153185578705,Normal
T-044,2025-01-13,Ativo,67,888.8939310267966,Normal
T-035,2025-01-22,Ativo,195,1699.2729036524393,Normal
T-027,2025-01-19,Ativo,84,610.9064869010472,Normal
T-013,2025-01-06,Ativo,69,512.2627153664054,Normal
T-002,2025-01-26,Ativo,192,2410.6581860026536,Normal
T-008,2025-01-07,Ativo,160,933.2550579124154,Normal
T-023,2025-01-28,Ativo,82,1133.677458372072,Normal
T-043,2025-01-18,Ativo,72,589.5841091912199,Normal
T-004,2025-01-30,Ativo,77,900.0715259405868,Normal
T-041,2025-01-24,Ativo,142,1381.6193114556245,Normal
T-020,2025-01-21,Ativo,131,1566.7870096504678,Normal
T-023,2025-01-15,Ativo,166,1809.8381385501332,Normal
T-021,2025-01-08,Ativo,94,921.751382687049,Normal
T-047,2025-01-24,Ativo,188,2494.223560670315,Normal
T-003,2025-01-10,Ativo,100,769.4123337985214,Normal
T-046,2025-01-01,Ativo,70,601.1008677919094,Normal
T-020,2025-01-05,Ativo,189,2752.625668387313,Normal
T-033,2025-01-27,Ativo,162,1856.2135165014338,Normal
T-014,2025-01-02,Ativo,91,812.1250477545982,Normal
T-040,2025-01-03,Ativo,140,1245.663142397089,Normal
T-006,2025-01-11,Ativo,163,1656.5695677309482,Normal
T-007,2025-01-24,Ativo,148,1350.674161828911,Normal
T-025,2025-01-30,Ativo,182,1362.6599761094865,Normal
T-012,2025-01-10,Ativo,117,1000.4720348367864,Normal
T-027,2025-01-09,Ativo,151,1248.8200739604904,Normal
T-013,2025-01-28,Ativo,84,557.983270262034,Normal
T-028,2025-01-25,Ativo,186,2406.3635617077603,Normal
T-015,2025-01-17,Ativo,106,534.9099443848789,Normal
T-040,2025-01-12,Ativo,180,2257.131426474211,Normal
T-035,2025-01-01,Ativo,150,937.0710853670856,Normal
T-013,2025-01-18,Ativo,87,793.3015953081236,Normal
T-006,2025-01-06,Ativo,157,1762.9380470358303,Normal
T-030,2025-01-03,Ativo,85,1242.4158755615913,Normal
T-049,2025-01-14,Ativo,56,474.93353217424135,Normal
T-035,2025-01-09,Ativo,120,1177.1674678633485,Normal
T-008,2025-01-12,Ativo,91,1341.5658697663132,Normal
T-023,2025-01-18,Ativo,113,1011.9659447843645,Normal
T-038,2025-01-21,Ativo,178,949.4228111797586,Normal
T-039,2025-01-26,Ativo,96,773.098249628862,Normal
T-030,2025-01-01,Ativo,79,658.5199440830382,Normal
T-048,2025-01-13,Ativo,154,850.6267310887075,Normal
T-029,2025-01-09,Ativo,127,1437.6596672459314,Normal
T-038,2025-01-01,Ativo,141,1065.2456159644028,Normal
T-044,2025-01-11,Ativo,173,1408.1624210628204,Normal
T-011,2025-01-18,Ativo,94,772.2877987992272,Normal
T-043,2025-01-14,Ativo,122,983.7024685094196,Normal
T-013,2025-01-11,Ativo,52,286.94823914766204,Normal
T-014,2025-01-06,Ativo,72,675.8961662796041,Normal
T-006,2025-01-28,Ativo,134,1304.452172845958,Normal
T-018,2025-01-04,Ativo,162,1978.8832350174873,Normal
T-025,2025-01-10,Ativo,174,1236.5522088698597,Normal
T-050,2025-01-13,Ativo,171,2017.1507689770344,Normal
T-044,2025-01-23,Ativo,134,1128.880291638516,Normal
T-030,2025-01-16,Ativo,81,508.4479217445402,Normal
T-014,2025-01-05,Ativo,174,1394.3975010456072,Normal
T-010,2025-01-30,Ativo,187,2667.7188590519945,Normal
T-032,2025-01-26,Ativo,128,1778.4203726449207,Normal
T-038,2025-01-17,Ativo,61,406.2809311838792,Normal
T-025,2025-01-14,Ativo,136,1540.2551251877765,Normal
T-033,2025-01-08,Ativo,54,566.7926636082192,Normal
T-013,2025-01-26,Ativo,60,777.1603871159341,Normal
T-008,2025-01-27,Ativo,68,868.459902830657,Normal
T-028,2025-01-09,Ativo,76,1086.5004668407119,Normal
T-028,2025-01-08,Ativo,166,1302.889017256792,Normal
T-033,2025-01-15,Ativo,117,1491.321523346212,Normal
T-050,2025-01-23,Ativo,119,724.5830436374365,Normal
T-018,2025-01-18,Ativo,151,1646.2483069723214,Normal
T-038,2025-01-15,Ativo,153,1560.8915005748784,Normal
T-009,2025-01-27,Ativo,158,1050.4381325964614,Normal
T-031,2025-01-05,Ativo,82,1166.6608962209834,Normal
T-036,2025-01-20,Ativo,135,1028.302673043473,Normal
T-023,2025-01-22,Ativo,185,2264.927820033862,Normal
T-030,2025-01-28,Ativo,183,1173.5388301741755,Normal
T-016,2025-01-20,Ativo,116,1609.4541597156635,Normal
T-037,2025-01-30,Ativo,128,1765.8647743379574,Normal
T-027,2025-01-04,Ativo,154,934.1532666743058,Normal
T-048,2025-01-24,Ativo,103,720.1917331408747,Normal
T-020,2025-01-06,Ativo,86,1106.256712397375,Normal
T-025,2025-01-07,Ativo,115,1262.382100044244,Normal
T-014,2025-01-10,Ativo,183,1524.0528882198464,Normal
T-045,2025-01-02,Ativo,68,476.8922333192546,Normal
T-015,2025-01-22,Ativo,157,2218.0166567202323,Normal
T-008,2025-01-10,Ativo,102,1317.4106246003655,Normal
T-009,2025-01-25,Ativo,96,1362.4094897621371,Normal
T-036,2025-01-14,Ativo,178,2278.779252905582,Normal
T-020,2025-01-13,Ativo,159,1161.7650006312363,Normal
T-020,2025-01-01,Ativo,117,1422.1973788240632,Normal
T-030,2025-01-15,Ativo,199,1172.3576199108732,Normal
T-002,2025-01-14,Ativo,82,462.1178472345394,Normal
T-024,2025-01-14,Ativo,183,2410.6549190313635,Normal
T-008,2025-01-01,Ativo,135,1076.8074855875695,Normal
T-033,2025-01-12,Ativo,185,2348.062823500547,Normal
T-012,2025-01-25,Ativo,180,1844.1205012264584,Normal
T-034,2025-01-05,Ativo,135,1691.8029034830938,Normal
T-042,2025-01-05,Ativo,58,763.6756617614164,Normal
T-027,2025-01-12,Ativo,72,673.6199866653118,Normal
T-016,2025-01-30,Ativo,51,719.418241805555,Normal
T-029,2025-01-18,Ativo,146,1599.796063155877,Normal
T-013,2025-01-08,Ativo,191,1506.2843566888885,Normal
T-030,2025-01-29,Ativo,56,450.6203178949028,Normal
T-009,2025-01-10,Ativo,196,2879.832969813434,Normal
T-007,2025-01-21,Ativo,124,1708.0652967735457,Normal
T-005,2025-01-16,Ativo,176,1792.2601881601765,Normal
T-014,2025-01-19,Ativo,190,1160.2003002148938,Normal
T-002,2025-01-18,Ativo,150,2207.5681430836557,Normal
T-024,2025-01-29,Ativo,146,1957.0605131643229,Normal
T-037,2025-01-10,Ativo,120,1420.5049266924511,Normal
T-031,2025-01-12,Ativo,74,542.0880051903813,Normal
T-017,2025-01-02,Ativo,179,1544.875989829212,Normal
T-005,2025-01-04,Ativo,95,1344.121170709426,Normal
T-023,2025-01-11,Ativo,64,628.1743049680321,Normal
T-012,2025-01-18,Ativo,108,1605.436468696418,Normal
T-043,2025-01-26,Ativo,195,2216.9595190367495,Normal
T-036,2025-01-10,Ativo,98,916.4767912702496,Normal
T-003,2025-01-02,Ativo,157,1077.9149924510762,Normal
T-048,2025-01-26,Ativo,62,346.0170102898169,Normal
T-035,2025-01-17,Ativo,199,2378.877140172826,Normal
T-004,2025-01-06,Ativo,193,2542.2388463883467,Normal
T-050,2025-01-29,Ativo,104,742.5153202357664,Normal
T-016,2025-01-29,Ativo,78,718.7111494621483,Normal
T-005,2025-01-02,Ativo,53,277.8874622086705,Normal
T-020,2025-01-02,Ativo,86,466.2001430872713,Normal
T-017,2025-01-27,Ativo,194,1782.414818290622,Normal
T-038,2025-01-12,Ativo,90,969.8340292930417,Normal
T-030,2025-01-23,Ativo,199,1983.9573309826021,Normal
T-002,2025-01-29,Ativo,135,1863.631582670598,Normal
T-047,2025-01-01,Ativo,62,684.1657195468948,Normal
T-032,2025-01-18,Ativo,91,1169.3650548917217,Normal
T-024,2025-01-04,Ativo,98,1422.5189748682203,Normal
T-001,2025-01-03,Ativo,70,459.2130483097055,Normal
T-011,2025-01-23,Ativo,130,1009.9409425913649,Normal
T-048,2025-01-12,Ativo,195,2212.1270833088383,Normal
T-038,2025-01-27,Ativo,188,1889.7887343240798,Normal
T-022,2025-01-05,Ativo,71,1020.4322259378804,Normal
T-047,2025-01-15,Ativo,147,1795.9306824942535,Normal
T-018,2025-01-22,Ativo,96,563.2370033876963,Normal
T-028,2025-01-28,Ativo,121,1536.6330873045315,Normal
T-019,2025-01-17,Ativo,157,1150.746375363205,Normal
T-012,2025-01-03,Ativo,67,634.7662857717147,Normal
T-003,2025-01-22,Ativo,117,679.5983918092769,Normal
T-049,2025-01-03,Ativo,187,993.7588062260804,Normal
T-002,2025-01-19,Ativo,180,2269.4130875104156,Normal
T-043,2025-01-02,Ativo,52,636.4659888423687,Normal
T-049,2025-01-02,Ativo,130,811.6789187006633,Normal
T-025,2025-01-12,Ativo,192,1412.7208204016829,Normal
T-012,2025-01-05,Ativo,168,1473.837394015766,Normal
T-010,2025-01-22,Ativo,124,884.0755602710493,Normal
T-007,2025-01-05,Ativo,118,1397.0772478898064,Normal
T-045,2025-01-28,Ativo,142,753.3802290725995,Normal
T-042,2025-01-23,Ativo,133,1862.4272865387811,Normal
T-040,2025-01-21,Ativo,169,1324.6700754697492,Normal
T-018,2025-01-24,Ativo,57,649.2011496405293,Normal
T-022,2025-01-18,Ativo,148,1408.0527960079196,Normal
T-025,2025-01-16,Ativo,168,1533.8923734081309,Normal
T-007,2025-01-14,Ativo,78,444.1018146826291,Normal
T-031,2025-01-16,Ativo,195,1516.6176163110592,Normal
T-046,2025-01-03,Ativo,106,1370.9976551636685,Normal
T-015,2025-01-15,Ativo,192,1726.0851914306502,Normal
T-022,2025-01-28,Ativo,180,1461.5135828912346,Normal
T-008,2025-01-22,Ativo,132,1427.3231507393525,Normal
T-002,2025-01-27,Ativo,85,1226.425534974284,Normal
T-019,2025-01-02,Ativo,135,1910.9092017438566,Normal
T-048,2025-01-30,Ativo,62,545.0383101766004,Normal
T-005,2025-01-19,Ativo,92,1112.198117157309,Normal
T-027,2025-01-03,Ativo,102,1190.3109473307254,Normal
T-015,2025-01-09,Ativo,78,471.3126335204114,Normal
T-042,2025-01-24,Ativo,125,725.2250176023794,Normal
T-042,2025-01-30,Ativo,100,1413.2869475762368,Normal
T-039,2025-01-16,Ativo,72,807.0685685844704,Normal
T-049,2025-01-06,Ativo,165,841.3743048609288,Normal
T-047,2025-01-29,Ativo,194,2302.8173770162907,Normal
T-039,2025-01-21,Ativo,65,394.12342206625345,Normal
T-034,2025-01-13,Ativo,167,1778.586728074557,Normal
T-013,2025-01-04,Ativo,93,655.722130938997,Normal
T-031,2025-01-23,Ativo,105,837.2228006486808,Normal
T-034,2025-01-14,Ativo,79,1084.925103530038,Normal
T-012,2025-01-06,Ativo,88,723.4296657131968,Normal
T-020,2025-01-28,Ativo,78,1083.2235022978023,Normal
T-044,2025-01-29,Ativo,188,1329.740925992609,Normal
T-033,2025-01-19,Ativo,51,561.9596107145243,Normal
T-037,2025-01-07,Ativo,138,1996.9096630794377,Normal
T-048,2025-01-08,Ativo,189,2833.9912091275423,Normal
T-022,2025-01-02,Ativo,123,1146.6561641877902,Normal
T-048,2025-01-16,Ativo,179,1274.4693579105979,Normal
T-023,2025-01-08,Ativo,180,2334.2360901552497,Normal
T-048,2025-01-17,Ativo,122,1671.111075551687,Normal
T-039,2025-01-02,Ativo,108,715.2120782450777,Normal
T-005,2025-01-24,Ativo,69,793.475112236658,Normal
T-013,2025-01-20,Ativo,118,1570.1309011895205,Normal
T-031,2025-01-03,Ativo,59,780.263532544273,Normal
T-032,2025-01-30,Ativo,126,677.9075287791932,Normal
T-049,2025-01-08,Ativo,114,925.5247980252467,Normal
T-019,2025-01-01,Ativo,194,1320.3161695470271,Normal
T-007,2025-01-27,Ativo,62,768.7434314773723,Normal
T-039,2025-01-15,Ativo,131,1635.9625014219314,Normal
T-026,2025-01-15,Ativo,92,475.9894069706413,Normal
T-009,2025-01-11,Ativo,195,1299.1200922230432,Normal
T-045,2025-01-23,Ativo,145,1073.5544636142515,Normal
T-050,2025-01-02,Ativo,94,729.6630854766439,Normal
T-018,2025-01-19,Ativo,68,553.9256586303994,Normal
T-020,2025-01-04,Ativo,170,2005.400380578219,Normal
T-044,2025-01-21,Ativo,180,1444.1998488326888,Normal
T-042,2025-01-29,Ativo,59,591.2706298775722,Normal
T-043,2025-01-16,Ativo,157,2038.4571346138137,Normal
T-004,2025-01-13,Ativo,103,1318.2718122333526,Normal
T-045,2025-01-22,Ativo,130,1482.257805027511,Normal
T-034,2025-01-27,Ativo,63,787.2136552153996,Normal
T-001,2025-01-07,Ativo,51,623.2193738560806,Normal
T-042,2025-01-09,Ativo,90,476.7014007582659,Normal
T-011,2025-01-05,Ativo,164,1701.112003411075,Normal
T-027,2025-01-14,Ativo,103,1183.546898558225,Normal
T-011,2025-01-25,Ativo,148,1013.0911086474384,Normal
T-009,2025-01-29,Ativo,195,2900.188452164142,Normal
T-003,2025-01-11,Ativo,108,889.0591665824156,Normal
T-045,2025-01-27,Ativo,163,1592.2548533580418,Normal
T-048,2025-01-03,Ativo,62,423.3404867272783,Normal
T-029,2025-01-16,Ativo,151,1628.3642446796775,Normal
T-022,2025-01-10,Ativo,71,795.8500176149087,Normal
T-036,2025-01-28,Ativo,56,328.39778202702604,Normal
T-011,2025-01-17,Ativo,83,521.8611705887045,Normal
T-028,2025-01-22,Ativo,96,1393.3472085183907,Normal
T-043,2025-01-27,Ativo,175,1917.9804738210933,Normal
T-046,2025-01-24,Ativo,62,723.449741028846,Normal
T-042,2025-01-02,Ativo,88,1146.2753980302352,Normal
T-007,2025-01-25,Ativo,145,1219.1651333668758,Normal
T-036,2025-01-05,Ativo,167,1291.0282526545968,Normal
T-050,2025-01-10,Ativo,154,1459.4170751320441,Normal
T-030,2025-01-27,Ativo,84,986.4151973836007,Normal
T-039,2025-01-11,Ativo,180,2483.6794451130513,Normal
T-005,2025-01-21,Ativo,75,982.5850460093857,Normal
T-032,2025-01-28,Ativo,118,1460.1718470913531,Normal
T-048,2025-01-14,Ativo,62,568.232747780405,Normal
T-015,2025-01-29,Ativo,197,1801.8095237422367,Normal
T-032,2025-01-24,Ativo,70,927.5925371500927,Normal
T-011,2025-01-30,Ativo,105,664.7727750168522,Normal
T-007,2025-01-15,Ativo,144,1263.2530798482853,Normal
T-044,2025-01-20,Ativo,172,2302.3046496328648,Normal
T-039,2025-01-23,Ativo,197,1432.5437273363243,Normal
T-033,2025-01-05,Ativo,159,2371.6255701037358,Normal
T-043,2025-01-24,Ativo,105,1325.0021611390362,Normal
T-034,2025-01-20,Ativo,113,1469.0801946300503,Normal
T-036,2025-01-30,Ativo,197,1237.1367708111652,Normal
T-036,2025-01-19,Ativo,157,855.0140061455497,Normal
T-020,2025-01-14,Ativo,106,763.7153816143859,Normal
T-023,2025-01-04,Ativo,76,1115.8270052151886,Normal
T-014,2025-01-22,Ativo,54,532.6330402776282,Normal
T-013,2025-01-22,Ativo,186,1311.3033666990214,Normal
T-031,2025-01-11,Ativo,198,1041.1075757599842,Normal
T-041,2025-01-20,Ativo,194,1047.1459720778248,Normal
T-005,2025-01-27,Ativo,141,1521.1995026656577,Normal
T-005,2025-01-07,Ativo,95,1393.3220780914862,Normal
T-033,2025-01-06,Ativo,192,2769.24554817253,Normal
T-041,2025-01-12,Ativo,69,889.273562094698,Normal
T-034,2025-01-06,Ativo,138,1983.5955317660241,Normal
T-023,2025-01-19,Ativo,144,1759.5181842147865,Normal
T-046,2025-01-05,Ativo,75,996.3519745868377,Normal
T-001,2025-01-11,Ativo,138,1091.8962134732978,Normal
T-018,2025-01-30,Ativo,81,976.5158897377077,Normal
T-008,2025-01-24,Ativo,194,2807.662240124686,Normal
T-024,2025-01-23,Ativo,81,808.5385303270426,Normal
T-043,2025-01-09,Ativo,98,701.7303377114534,Normal
T-032,2025-01-02,Ativo,112,1447.1448698118083,Normal
T-004,2025-01-25,Ativo,71,528.2326467991493,Normal
T-022,2025-01-20,Ativo,78,931.072136109561,Normal
T-022,2025-01-04,Ativo,128,1832.9959750528224,Normal
T-017,2025-01-19,Ativo,91,979.6299927179707,Normal
T-045,2025-01-10,Ativo,54,698.8737577766789,Normal
T-014,2025-01-26,Ativo,85,1033.7522135230095,Normal
T-008,2025-01-25,Ativo,94,1178.175494143405,Normal
T-022,2025-01-08,Ativo,66,838.8496330712095,Normal
T-037,2025-01-01,Ativo,198,1093.4706009863269,Normal
T-005,2025-01-15,Falha,0,0.0,Normal
T-041,2025-01-10,Ativo,142,952.2263144110678,Normal
T-026,2025-01-08,Ativo,197,1516.4067346884694,Normal
T-034,2025-01-15,Ativo,160,2203.4215064182463,Normal
T-021,2025-01-06,Ativo,77,443.62076180753115,Normal
T-001,2025-01-18,Ativo,181,2610.3851777895834,Normal
T-021,2025-01-20,Ativo,94,1289.5329160805181,Normal
T-022,2025-01-16,Ativo,107,536.1015434348277,Normal
T-017,2025-01-05,Ativo,186,1741.195344191689,Normal
T-050,2025-01-26,Ativo,139,1421.3302062575542,Normal
T-020,2025-01-27,Ativo,116,896.6328748333253,Normal
T-021,2025-01-16,Ativo,62,828.9482635854766,Normal
T-009,2025-01-07,Ativo,93,1374.4476219414719,Normal
T-014,2025-01-11,Ativo,91,581.7375861236824,Normal
T-002,2025-01-15,Ativo,111,915.9534874496893,Normal
T-031,2025-01-19,Ativo,109,942.6300588675371,Normal
T-021,2025-01-24,Ativo,149,1573.7107852092379,Normal
T-050,2025-01-17,Ativo,190,1821.336092676296,Normal
T-013,2025-01-12,Ativo,59,618.6758395835104,Normal
T-019,2025-01-18,Ativo,104,1000.420564598611,Normal
T-023,2025-01-12,Ativo,66,730.822255853363,Normal
T-022,2025-01-23,Ativo,76,1039.7212851245426,Normal
T-020,2025-01-29,Ativo,125,669.2779605231814,Normal
T-023,2025-01-17,Ativo,121,1167.1643019293301,Normal
T-008,2025-01-29,Ativo,68,415.6142879681829,Normal
T-010,2025-01-15,Ativo,121,631.843537856665,Normal
T-016,2025-01-07,Ativo,68,384.6818748112796,Normal
T-041,2025-01-14,Ativo,141,851.9569719597703,Normal
T-044,2025-01-16,Ativo,194,1717.8930951896293,Normal
T-046,2025-01-12,Ativo,50,672.9607198388661,Normal
T-039,2025-01-03,Ativo,76,902.0143582330221,Normal
T-049,2025-01-05,Ativo,66,928.003484553001,Normal
T-033,2025-01-16,Ativo,171,1672.8165537248296,Normal
T-046,2025-01-23,Ativo,115,658.8371106730891,Normal
T-003,2025-01-16,Ativo,162,1049.9008265245077,Normal
T-016,2025-01-15,Ativo,136,2011.3467524377072,Normal
T-003,2025-01-27,Ativo,193,2577.1338164872295,Normal
T-015,2025-01-06,Ativo,121,1393.1543252957777,Normal
T-009,2025-01-21,Ativo,90,683.9548765688364,Normal
T-021,2025-01-30,Ativo,137,1806.5908060847833,Normal
T-046,2025-01-29,Ativo,102,1369.0753612708268,Normal
T-041,2025-01-29,Ativo,98,497.5107519962408,Normal
T-044,2025-01-15,Ativo,108,1578.0263242402004,Normal
T-019,2025-01-07,Ativo,165,2218.506507582866,Normal
T-043,2025-01-23,Ativo,56,359.8527206858689,Normal
T-001,2025-01-06,Ativo,180,937.0520897324444,Normal
T-050,2025-01-07,Ativo,106,1473.5496056397756,Normal
T-028,2025-01-19,Ativo,133,1308.1157101375,Normal
T-045,2025-01-15,Ativo,101,1377.1829977396906,Normal
T-038,2025-01-30,Ativo,70,857.6298836191735,Normal
T-004,2025-01-07,Ativo,109,829.3038005651458,Normal
T-050,2025-01-27,Ativo,125,949.4272289701129,Normal
T-027,2025-01-27,Ativo,93,908.3267917882781,Normal
T-011,2025-01-14,Ativo,71,417.9787989675095,Normal
T-050,2025-01-21,Ativo,124,1603.497163755957,Normal
T-006,2025-01-27,Ativo,193,1153.819930056433,Normal
T-034,2025-01-12,Ativo,146,1472.2063984977688,Normal
T-021,2025-01-22,Ativo,187,2468.300735553147,Normal
T-019,2025-01-08,Ativo,195,1993.7474233387793,Normal
T-013,2025-01-29,Ativo,54,397.27354287509985,Normal
T-043,2025-01-17,Ativo,128,1611.9693129633447,Normal
T-019,2025-01-27,Ativo,152,1554.2291712844751,Normal
T-019,2025-01-04,Ativo,56,446.5154441286284,Normal
T-044,2025-01-25,Ativo,152,1588.138039468684,Normal
T-002,2025-01-22,Ativo,139,730.3325861742923,Normal
T-037,2025-01-19,Ativo,115,687.1968867751947,Normal
T-010,2025-01-07,Ativo,52,548.8244869133663,Normal
T-025,2025-01-26,Ativo,80,588.8403706771712,Normal
T-011,2025-01-12,Ativo,196,2590.7096482151205,Normal
T-042,2025-01-28,Ativo,100,1093.6607912085385,Normal
T-041,2025-01-27,Ativo,133,940.3001293231075,Normal
T-007,2025-01-16,Ativo,84,702.7055405065303,Normal
T-044,2025-01-18,Ativo,98,1011.6123805259965,Normal
T-033,2025-01-04,Ativo,70,621.3166620379387,Normal
T-027,2025-01-23,Ativo,75,1088.6089197494935,Normal
T-011,2025-01-03,Ativo,83,930.2687180703358,Normal
T-021,2025-01-21,Ativo,80,1060.6534004518103,Normal
T-038,2025-01-24,Ativo,150,1410.4851275525236,Normal
T-016,2025-01-05,Ativo,78,877.4812698998209,Normal
T-009,2025-01-02,Ativo,110,1455.0693870643624,Normal
T-001,2025-01-21,Ativo,179,2119.7771174567606,Normal
T-038,2025-01-08,Ativo,72,951.9142756321623,Normal
T-040,2025-01-28,Ativo,65,480.6816104411998,Normal
T-022,2025-01-15,Ativo,183,1595.4553585068659,Normal
T-043,2025-01-05,Ativo,89,1174.811239916227,Normal
T-034,2025-01-18,Ativo,157,1925.5448927274176,Normal
T-005,2025-01-01,Ativo,110,1099.1127178732274,Normal
T-032,2025-01-04,Ativo,56,574.2825883024384,Normal
T-033,2025-01-14,Ativo,98,740.3052149915151,Normal
T-035,2025-01-07,Ativo,53,361.0992183605178,Normal
T-028,2025-01-13,Ativo,126,1151.0718679219428,Normal
T-033,2025-01-28,Ativo,171,2250.2692656363356,Normal
T-003,2025-01-28,Ativo,173,1744.1838837614432,Normal
T-028,2025-01-12,Ativo,195,1754.8151532681047,Normal
T-030,2025-01-05,Ativo,104,1077.2607918520046,Normal
T-005,2025-01-15,Ativo,135,1159.1731547498214,Normal
T-009,2025-01-16,Ativo,65,903.6714595290956,Normal
T-026,2025-01-22,Ativo,134,795.8269591578206,Normal
T-018,2025-01-02,Ativo,78,693.6505789527417,Normal
T-003,2025-01-03,Ativo,79,1092.7914045459058,Normal
T-004,2025-01-02,Ativo,101,1454.9284971345,Normal
T-045,2025-01-29,Ativo,116,1383.3376205830452,Normal
T-046,2025-01-08,Ativo,74,838.3506847020412,Normal
T-025,2025-01-22,Ativo,138,2027.7890048226968,Normal
T-005,2025-01-03,Ativo,98,532.731696319345,Normal
T-013,2025-01-03,Ativo,75,584.9843202452131,Normal
T-015,2025-01-25,Ativo,78,842.8589132168739,Normal
T-026,2025-01-20,Ativo,101,1216.7275703640132,Normal
T-029,2025-01-13,Ativo,174,2118.6201122452267,Normal
T-019,2025-01-28,Ativo,114,842.2059461758646,Normal
T-022,2025-01-19,Ativo,88,903.7812046664386,Normal
T-019,2025-01-09,Ativo,152,816.2516047675488,Normal
T-029,2025-01-25,Ativo,99,1168.330611792417,Normal
T-027,2025-01-16,Ativo,192,2295.2970368445353,Normal
T-010,2025-01-25,Ativo,140,827.4029274718624,Normal
T-042,2025-01-27,Ativo,154,1765.5331387918945,Normal
T-044,2025-01-06,Ativo,156,1385.2593455171166,Normal
T-025,2025-01-01,Ativo,73,675.6101341470951,Normal
T-017,2025-01-10,Ativo,177,1207.3296357142024,Normal
T-017,2025-01-14,Ativo,71,947.8004681275023,Normal
T-024,2025-01-01,Ativo,152,1065.305816590687,Normal
T-021,2025-01-03,Ativo,121,1446.8142943481978,Normal
T-042,2025-01-08,Ativo,108,1088.0048938152336,Normal
T-050,2025-01-16,Ativo,127,1329.1529703810145,Normal
T-029,2025-01-30,Ativo,84,1033.7464286009667,Normal
T-040,2025-01-16,Ativo,168,1734.8954897594122,Normal
T-045,2025-01-17,Ativo,192,2123.0501820269888,Normal
T-020,2025-01-19,Ativo,171,1752.8038664710587,Normal
T-011,2025-01-19,Ativo,75,974.557799181782,Normal
T-010,2025-01-05,Ativo,104,1419.3112713052553,Normal
T-022,2025-01-09,Ativo,194,2099.4106927419703,Normal
T-040,2025-01-30,Ativo,61,660.5121694009288,Normal
T-041,2025-01-28,Ativo,190,1970.3142278675812,Normal
T-050,2025-01-03,Ativo,153,2151.824074789088,Normal
T-032,2025-01-16,Ativo,83,684.4810193187499,Normal
T-003,2025-01-01,Ativo,183,1750.4582639837258,Normal
T-007,2025-01-23,Ativo,187,1726.8906621161816,Normal
T-010,2025-01-26,Ativo,101,1057.9207699681026,Normal
T-039,2025-01-27,Ativo,70,373.23254819369834,Normal
T-049,2025-01-27,Ativo,124,1813.8327543139756,Normal
T-010,2025-01-29,Ativo,182,2359.578631726457,Normal
T-003,2025-01-09,Ativo,186,1831.7837467277086,Normal
T-025,2025-01-17,Ativo,90,672.5079669628593,Normal
T-035,2025-01-04,Ativo,86,1000.2161238704233,Normal
T-045,2025-01-18,Ativo,131,1235.9271456602944,Normal
T-006,2025-01-01,Ativo,199,2170.7581885323316,Normal
T-026,2025-01-07,Ativo,157,1632.6521680184737,Normal
T-043,2025-01-15,Ativo,171,1864.388278449903,Normal
T-002,2025-01-09,Ativo,188,1313.8237196869536,Normal
T-046,2025-01-04,Ativo,68,476.44269183455765,Normal
T-050,2025-01-01,Ativo,74,948.1781732530058,Normal
T-048,2025-01-19,Ativo,149,1754.941668461966,Normal
T-013,2025-01-17,Ativo,58,635.4704695525497,Normal
T-043,2025-01-13,Ativo,148,854.8696742025325,Normal
T-029,2025-01-20,Ativo,172,1450.9240166142108,Normal
T-031,2025-01-15,Ativo,80,804.9134902721953,Normal
T-039,2025-01-24,Ativo,136,784.8260962539865,Normal
T-013,2025-01-19,Ativo,143,867.5799276622135,Normal
T-022,2025-01-14,Ativo,78,407.25637019261785,Normal
T-039,2025-01-28,Ativo,166,1507.7885289806886,Normal
T-023,2025-01-30,Ativo,199,1635.9684574164773,Normal
T-002,2025-01-24,Ativo,101,1073.9083276961474,Normal
T-013,2025-01-10,Ativo,149,1222.7568663176764,Normal
T-029,2025-01-02,Ativo,138,821.8387330918422,Normal
T-022,2025-01-27,Ativo,133,1193.8005492905163,Normal
T-006,2025-01-26,Ativo,143,1938.3086351357404,Normal
T-043,2025-01-28,Ativo,162,1906.9354363707153,Normal
T-031,2025-01-28,Ativo,53,600.590501787136,Normal
T-021,2025-01-18,Ativo,149,1666.7309535406246,Normal
T-002,2025-01-16,Ativo,148,1615.1207258074362,Normal
T-037,2025-01-17,Ativo,134,858.8859008791708,Normal
T-003,2025-01-23,Ativo,172,1276.5150938371726,Normal
T-028,2025-01-07,Ativo,83,553.0552344268079,Normal
T-035,2025-01-11,Ativo,129,935.8159945481651,Normal
T-037,2025-01-12,Ativo,110,800.1504454475167,Normal
T-011,2025-01-01,Ativo,123,1560.7688218179387,Normal
T-030,2025-01-11,Ativo,153,795.6403245665115,Normal
T-010,2025-01-14,Ativo,83,712.2750559672576,Normal
T-001,2025-01-25,Ativo,153,1920.7029577860083,Normal
T-014,2025-01-24,Ativo,179,916.8434994492997,Normal
T-021,2025-01-10,Ativo,116,983.4586811665439,Normal
T-029,2025-01-28,Ativo,179,2674.50945658589,Normal
T-042,2025-01-22,Ativo,196,2148.790176966322,Normal
T-044,2025-01-24,Ativo,70,1026.4921701064852,Normal
T-039,2025-01-22,Ativo,96,647.8861796889211,Normal
T-048,2025-01-07,Ativo,70,682.7846254950517,Normal
T-023,2025-01-02,Ativo,73,634.0242309183457,Normal
T-037,2025-01-23,Ativo,87,1136.5711469925704,Normal
T-028,2025-01-11,Ativo,155,1721.0173641319234,Normal
T-009,2025-01-26,Ativo,59,845.3098051788679,Normal
T-042,2025-01-07,Ativo,137,1413.2912665080703,Normal
T-037,2025-01-09,Ativo,166,1204.0261037190503,Normal
T-014,2025-01-23,Ativo,117,1430.0355050198875,Normal
T-009,2025-01-18,Ativo,141,1617.0561899529005,Normal
T-017,2025-01-28,Ativo,171,1576.6816618316755,Normal
T-049,2025-01-07,Ativo,171,1742.5451990215283,Normal
T-004,2025-01-10,Ativo,58,451.74538450346546,Normal
T-025,2025-01-25,Ativo,94,692.806185681836,Normal
T-019,2025-01-20,Ativo,62,637.9410230968714,Normal
T-017,2025-01-01,Ativo,197,1646.6557385851752,Normal
T-044,2025-01-01,Ativo,114,689.9954711245941,Normal
T-039,2025-01-18,Ativo,157,1524.9208528151182,Normal
T-031,2025-01-18,Ativo,92,1030.0209185060032,Normal
T-027,2025-01-22,Ativo,58,510.27575250395324,Normal
T-013,2025-01-07,Ativo,96,1158.9408918186666,Normal
T-020,2025-01-26,Ativo,60,826.4765175782283,Normal
T-048,2025-01-02,Ativo,72,543.0465962990609,Normal
T-038,2025-01-22,Ativo,57,794.5741347044861,Normal
T-005,2025-01-28,Ativo,81,873.406914206901,Normal
T-032,2025-01-20,Ativo,66,764.7368164969128,Normal
T-047,2025-01-14,Ativo,83,526.0775412897453,Normal
T-001,2025-01-20,Ativo,58,299.2604262877242,Normal
T-008,2025-01-20,Ativo,171,1105.6942450933636,Normal
T-023,2025-01-09,Ativo,73,1037.2189289054513,Normal
T-008,2025-01-09,Ativo,74,779.7402587358926,Normal
T-047,2025-01-26,Ativo,149,2096.727734125327,Normal
T-001,2025-01-22,Ativo,160,1893.2216301207332,Normal
T-006,2025-01-16,Ativo,176,2104.9146027249085,Normal
T-020,2025-01-16,Ativo,54,301.23504534423404,Normal
T-007,2025-01-28,Ativo,148,892.6233258771803,Normal
T-004,2025-01-08,Ativo,178,1055.7229266945005,Normal
T-026,2025-01-28,Ativo,75,1026.6787383590386,Normal
T-013,2025-01-27,Ativo,63,818.7083924792948,Normal
T-034,2025-01-29,Ativo,193,1252.3539371416182,Normal
T-015,2025-01-05,Ativo,182,2588.948873742678,Normal
T-048,2025-01-28,Ativo,102,782.944530262531,Normal
T-044,2025-01-03,Ativo,118,859.6143611706294,Normal
T-018,2025-01-08,Ativo,82,631.3272023615998,Normal
T-049,2025-01-29,Ativo,66,478.7516368844654,Normal
T-001,2025-01-17,Ativo,122,689.362943442041,Normal
T-007,2025-01-22,Ativo,70,1027.3063860641732,Normal
T-008,2025-01-08,Ativo,118,935.9887106037162,Normal
T-041,2025-01-23,Ativo,155,2280.8756708966284,Normal
T-013,2025-01-01,Ativo,111,1586.6073479316203,Normal
T-024,2025-01-24,Ativo,131,682.3280924719149,Normal
T-028,2025-01-21,Ativo,169,1734.78363811989,Normal
T-012,2025-01-08,Ativo,93,681.8912627413151,Normal
T-036,2025-01-03,Ativo,52,273.62228843667367,Normal
T-049,2025-01-09,Ativo,65,827.3989632194748,Normal
T-026,2025-01-10,Ativo,86,1235.4808953736667,Normal
T-005,2025-01-08,Ativo,148,2190.8907438997476,Normal
T-041,2025-01-06,Ativo,136,1265.3812780365467,Normal
T-008,2025-01-05,Ativo,77,1116.5477146291198,Normal
T-046,2025-01-07,Ativo,116,1435.9286415313748,Normal
T-037,2025-01-28,Ativo,117,1470.399261655703,Normal
T-048,2025-01-21,Ativo,56,350.40559063564666,Normal
T-010,2025-01-19,Ativo,106,1155.3532509658944,Normal
T-042,2025-01-19,Ativo,133,1578.164584945167,Normal
T-019,2025-01-19,Ativo,83,432.65361100582135,Normal
T-007,2025-01-17,Ativo,139,1138.3761261083282,Normal
T-044,2025-01-30,Ativo,66,814.8214292601327,Normal
T-001,2025-01-19,Ativo,63,824.2903293133704,Normal
T-002,2025-01-20,Ativo,191,1898.1495890559866,Normal
T-036,2025-01-07,Ativo,100,1440.6792451153406,Normal
T-037,2025-01-03,Ativo,106,1054.1499991727985,Normal
T-030,2025-01-18,Ativo,191,1179.709644384497,Normal
T-004,2025-01-28,Ativo,76,710.1397177879257,Normal
T-037,2025-01-13,Ativo,77,941.5670134705325,Normal
T-029,2025-01-06,Ativo,199,1042.0407862322095,Normal
T-019,2025-01-29,Ativo,52,503.0015985995793,Normal
T-018,2025-01-07,Ativo,199,2452.818473448398,Normal
T-038,2025-01-11,Ativo,123,730.6644084541476,Normal
T-043,2025-01-04,Ativo,180,1861.1414505859748,Normal
T-005,2025-01-20,Ativo,88,698.3608229527541,Normal
T-012,2025-01-01,Ativo,52,725.5075555973436,Normal
T-039,2025-01-10,Ativo,157,1506.0463595619458,Normal
T-035,2025-01-16,Ativo,112,646.3052726304509,Normal
T-004,2025-01-23,Ativo,194,1567.6379361936351,Normal
T-039,2025-01-08,Ativo,183,2214.74432148066,Normal
T-016,2025-01-14,Ativo,159,1632.259761988277,Normal
T-017,2025-01-20,Ativo,83,874.9677420881085,Normal
T-042,2025-01-04,Ativo,103,1474.706331015801,Normal
T-041,2025-01-03,Ativo,69,496.95545795034747,Normal
T-020,2025-01-25,Ativo,191,2597.8422193582346,Normal
T-034,2025-01-25,Ativo,135,1819.864518026542,Normal
T-016,2025-01-01,Ativo,98,783.6039935311475,Normal
T-013,2025-01-15,Ativo,133,1003.6720708358059,Normal
T-041,2025-01-30,Ativo,185,992.9345206265192,Normal
T-018,2025-01-09,Ativo,197,1304.1673394464217,Normal
T-028,2025-01-30,Ativo,86,689.7720315779237,Normal
T-044,2025-01-05,Ativo,124,788.378418359282,Normal
T-030,2025-01-13,Ativo,114,1529.91795558912,Normal
T-045,2025-01-16,Ativo,151,1543.8906595622514,Normal
T-040,2025-01-05,Ativo,149,1313.601790402128,Normal
T-015,2025-01-08,Ativo,186,1718.883048622438,Normal
T-016,2025-01-02,Ativo,190,1704.904419369436,Normal
T-038,2025-01-09,Ativo,196,1844.501430171536,Normal
T-038,2025-01-03,Ativo,107,1338.2805724893014,Normal
T-030,2025-01-21,Ativo,124,1643.354774208792,Normal
T-024,2025-01-26,Ativo,105,1548.5328202541223,Normal
T-022,2025-01-29,Ativo,107,1491.686147936674,Normal
T-018,2025-01-15,Ativo,91,873.3101766126293,Normal
T-034,2025-01-10,Ativo,137,1154.0655813659587,Normal
T-013,2025-01-30,Ativo,127,1299.2930894567814,Normal
T-010,2025-01-13,Ativo,162,2036.3385941190106,Normal
T-007,2025-01-13,Ativo,123,869.2217626483969,Normal
T-012,2025-01-09,Ativo,62,678.0273212035102,Normal
T-040,2025-01-22,Ativo,191,2097.8627950087193,Normal
T-034,2025-01-03,Ativo,95,1167.0661433035325,Normal
T-049,2025-01-23,Ativo,128,716.4371058827384,Normal
T-031,2025-01-02,Ativo,69,740.398585962286,Normal
T-031,2025-01-25,Ativo,198,1230.3421800564092,Normal
T-025,2025-01-08,Ativo,55,635.2551363576597,Normal
T-026,2025-01-09,Ativo,179,1115.117747268032,Normal
T-024,2025-01-11,Ativo,111,1234.6063643280854,Normal
T-023,2025-01-14,Ativo,112,1289.7018028185366,Normal
T-028,2025-01-16,Ativo,123,1598.7307473715466,Normal
T-003,2025-01-18,Ativo,51,511.36630184671935,Normal
T-017,2025-01-08,Ativo,130,1779.0083686672865,Normal
T-002,2025-01-13,Ativo,121,1148.835315707226,Normal
T-029,2025-01-11,Ativo,56,669.2809502666526,Normal
T-013,2025-01-09,Ativo,86,865.2494024690384,Normal
T-039,2025-01-12,Ativo,79,532.2716585772376,Normal
T-029,2025-01-24,Ativo,57,786.6450799100312,Normal
T-038,2025-01-14,Ativo,186,1666.5050791521662,Normal
T-033,2025-01-03,Ativo,66,961.2909228776568,Normal
T-003,2025-01-05,Ativo,141,1207.3799516885347,Normal
T-007,2025-01-12,Ativo,114,1665.7572427592622,Normal
T-007,2025-01-03,Ativo,187,2105.358042385622,Normal
T-004,2025-01-19,Ativo,131,1291.154017197957,Normal
T-006,2025-01-25,Ativo,118,701.105246156901,Normal
T-037,2025-01-20,Ativo,193,1759.7074952581015,Normal
T-019,2025-01-21,Ativo,145,1883.2356918718149,Normal
T-050,2025-01-28,Ativo,138,1958.7546183102882,Normal
T-009,2025-01-22,Ativo,194,1512.7412039077549,Normal
T-020,2025-01-12,Ativo,112,818.2374993016213,Normal
T-050,2025-01-22,Ativo,60,535.1149778454474,Normal
T-003,2025-01-13,Ativo,162,915.1254403165501,Normal
T-016,2025-01-27,Ativo,134,705.5531531909184,Normal
T-046,2025-01-13,Ativo,153,1375.6232877527962,Normal
T-026,2025-01-13,Ativo,108,881.4485933748905,Normal
T-011,2025-01-13,Ativo,141,1195.1430924205838,Normal
T-017,2025-01-29,Ativo,179,1192.6472300733822,Normal
T-006,2025-01-17,Ativo,178,1198.4638897261054,Normal
T-014,2025-01-17,Ativo,54,743.4534438513447,Normal
T-034,2025-01-17,Ativo,193,2531.68177855082,Normal
T-035,2025-01-05,Ativo,103,1231.486690891711,Normal
T-041,2025-01-22,Ativo,185,1366.8848217435661,Normal
T-038,2025-01-10,Ativo,60,422.25987547661344,Normal
T-004,2025-01-14,Ativo,165,963.8309422418305,Normal
T-041,2025-01-18,Ativo,50,384.4794729132355,Normal
T-038,2025-01-02,Ativo,174,1655.1564588749193,Normal
T-030,2025-01-25,Ativo,61,872.663080932789,Normal
T-017,2025-01-09,Ativo,169,2510.2707576885314,Normal
T-037,2025-01-25,Ativo,112,1116.9266419524508,Normal
T-019,2025-01-23,Ativo,78,988.406865366279,Normal
T-041,2025-01-15,Ativo,199,2560.6331669573296,Normal
T-045,2025-01-12,Ativo,61,896.4607133773382,Normal
T-038,2025-01-16,Ativo,109,1303.5300388039946,Normal
T-045,2025-01-24,Ativo,112,1549.4805345443879,Normal
T-031,2025-01-17,Ativo,183,915.6084862004956,Normal
T-006,2025-01-03,Ativo,119,955.8859624611351,Normal
T-038,2025-01-25,Ativo,159,927.7078951331195,Normal
T-015,2025-01-16,Ativo,102,851.901186478819,Normal
T-027,2025-01-05,Ativo,112,1654.4350863278753,Normal
T-017,2025-01-25,Ativo,147,1617.7597848374705,Normal
T-025,2025-01-06,Ativo,166,1486.5551819493653,Normal
T-049,2025-01-20,Ativo,94,844.1249753772327,Normal
T-033,2025-01-17,Ativo,163,1340.211270614744,Normal
T-018,2025-01-11,Ativo,158,1034.3819825955134,Normal
T-046,2025-01-15,Ativo,177,2101.7092645211405,Normal
T-026,2025-01-17,Ativo,88,840.171072957796,Normal
T-006,2025-01-12,Ativo,196,2538.564941746659,Normal
T-015,2025-01-23,Ativo,74,738.792151827215,Normal
T-002,2025-01-02,Ativo,131,1361.9966934296945,Normal
T-041,2025-01-26,Ativo,84,795.8732387108646,Normal
T-032,2025-01-08,Ativo,198,1028.0007081096524,Normal
T-010,2025-01-02,Ativo,108,1449.4884369865654,Normal
T-026,2025-01-03,Ativo,170,1879.414867996301,Normal
T-048,2025-01-06,Ativo,74,590.558634393188,Normal
T-011,2025-01-10,Ativo,142,2091.816695963548,Normal
T-008,2025-01-03,Ativo,189,2756.643429109245,Normal
T-035,2025-01-26,Ativo,194,2206.8533330722457,Normal
T-017,2025-01-24,Ativo,183,2254.897778580084,Normal
T-036,2025-01-21,Ativo,63,472.2141059051889,Normal
T-017,2025-01-16,Ativo,78,523.9098429616768,Normal
T-041,2025-01-09,Ativo,196,2729.3456483114987,Normal
T-007,2025-01-26,Ativo,86,635.1932994196925,Normal
T-038,2025-01-26,Ativo,81,500.2916304090534,Normal
T-018,2025-01-27,Ativo,74,1038.4892213506585,Normal
T-029,2025-01-29,Ativo,51,440.10157864145594,Normal
T-024,2025-01-12,Ativo,176,1021.0021296370282,Normal
T-011,2025-01-06,Ativo,129,840.9544746308597,Normal
T-040,2025-01-23,Ativo,127,1578.8553623891362,Normal
T-026,2025-01-01,Ativo,50,376.26389103770964,Normal
T-014,2025-01-30,Ativo,72,692.6441786237755,Normal
T-036,2025-01-12,Ativo,139,807.0361041224032,Normal
T-029,2025-01-04,Ativo,157,2139.591411742869,Normal
T-012,2025-01-12,Ativo,160,1978.9159606318606,Normal
T-013,2025-01-24,Ativo,113,1214.1546178933004,Normal
T-008,2025-01-02,Ativo,68,604.6571415392309,Normal
T-045,2025-01-21,Ativo,121,1638.293980016061,Normal
T-037,2025-01-29,Ativo,192,1353.372046369368,Normal
T-014,2025-01-01,Ativo,181,1477.3158139566553,Normal
T-023,2025-01-20,Ativo,60,716.9891316759256,Normal
T-045,2025-01-30,Ativo,91,1030.6151400689032,Normal
T-019,2025-01-26,Ativo,170,2156.064803569681,Normal
T-047,2025-01-30,Ativo,109,1234.655947835975,Normal
T-028,2025-01-15,Ativo,56,661.4259982203903,Normal
T-023,2025-01-21,Ativo,82,1191.171883191748,Normal
T-007,2025-01-01,Ativo,59,854.9959816389177,Normal
T-009,2025-01-14,Ativo,167,1476.6170584032973,Normal
T-029,2025-01-23,Ativo,76,866.5278501094061,Normal
T-020,2025-01-11,Ativo,121,1745.705446703502,Normal
T-030,2025-01-07,Ativo,61,517.0186297857791,Normal
T-010,2025-01-09,Ativo,132,986.4994943010208,Normal
T-047,2025-01-17,Ativo,128,771.5177631391019,Normal
T-043,2025-01-12,Ativo,156,1450.6924807286312,Normal
T-041,2025-01-05,Ativo,114,598.6618324360909,Normal
T-016,2025-01-21,Ativo,141,1040.8377212758844,Normal
T-015,2025-01-13,Ativo,106,882.0751974142354,Normal
T-010,2025-01-20,Ativo,96,883.7143475184721,Normal
T-035,2025-01-08,Ativo,69,622.6057160337235,Normal
T-018,2025-01-26,Ativo,167,1899.1767382484431,Normal
T-034,2025-01-04,Ativo,184,1252.2940606425536,Normal
T-040,2025-01-18,Ativo,191,1372.2264793071167,Normal
T-007,2025-01-09,Ativo,133,1430.3806565749192,Normal
T-002,2025-01-10,Ativo,185,2273.6632608758264,Normal
T-044,2025-01-17,Ativo,71,739.3994012167855,Normal
T-044,2025-01-14,Ativo,162,952.8867601395905,Normal
T-024,2025-01-17,Ativo,63,366.4268886792714,Normal
T-050,2025-01-06,Ativo,101,845.7135424271937,Normal
T-010,2025-01-01,Ativo,112,1000.1481828563221,Normal
T-028,2025-01-26,Ativo,64,711.0278328646348,Normal
T-016,2025-01-25,Ativo,191,1514.9121647985353,Normal
T-031,2025-01-24,Ativo,132,885.2774812859979,Normal
T-021,2025-01-15,Ativo,108,713.2321137564778,Normal
T-004,2025-01-22,Ativo,177,2202.1818258101152,Normal
T-040,2025-01-01,Ativo,148,827.4589573158148,Normal
T-047,2025-01-12,Ativo,57,439.70334685462717,Normal
T-019,2025-01-13,Ativo,169,1756.7402841143198,Normal
T-008,2025-01-11,Ativo,106,650.2724781384949,Normal
T-048,2025-01-01,Ativo,169,1987.1826915247286,Normal
T-021,2025-01-28,Ativo,162,1716.9477859403037,Normal
T-050,2025-01-11,Ativo,103,943.1114522864829,Normal
T-003,2025-01-24,Ativo,87,754.9713254657503,Normal
T-030,2025-01-04,Ativo,80,1003.8702559526782,Normal
T-027,2025-01-11,Ativo,131,1805.037418344139,Normal
T-005,2025-01-12,Ativo,103,1231.9106905752221,Normal
T-016,2025-01-12,Ativo,152,1904.9342555361254,Normal
T-014,2025-01-15,Ativo,82,437.4965964833391,Normal
T-019,2025-01-12,Ativo,157,1683.7115823105412,Normal
T-048,2025-01-23,Ativo,198,2340.7438836406886,Normal
T-050,2025-01-15,Ativo,135,1702.1533650945692,Normal
T-045,2025-01-07,Ativo,147,1796.5505561201817,Normal
T-007,2025-01-19,Ativo,164,1282.241830628376,Normal
T-024,2025-01-10,Ativo,141,1835.4365971284064,Normal
T-038,2025-01-23,Ativo,173,2284.2530878867237,Normal
T-014,2025-01-13,Ativo,82,847.4380954205836,Normal
T-010,2025-01-12,Ativo,53,386.18068691683527,Normal
T-020,2025-01-18,Ativo,58,828.0963242532235,Normal
T-004,2025-01-09,Ativo,189,2000.1746273174144,Normal
T-023,2025-01-01,Ativo,113,1545.9787792443,Normal
T-032,2025-01-17,Ativo,131,1278.5837494730843,Normal
T-028,2025-01-14,Ativo,138,1411.0238359122432,Normal
T-022,2025-01-21,Ativo,165,2210.9128217095786,Normal
T-043,2025-01-20,Ativo,106,559.0655285710171,Normal
T-024,2025-01-19,Ativo,190,1860.6299642949457,Normal
T-025,2025-01-13,Ativo,75,911.8687235115664,Normal
T-034,2025-01-26,Ativo,107,572.7831497860558,Normal
T-012,2025-01-24,Ativo,104,1396.0065967101089,Normal
T-044,2025-01-12,Ativo,136,1284.0136899054223,Normal
T-048,2025-01-15,Ativo,190,1740.0152513061553,Normal
T-041,2025-01-17,Ativo,140,1741.0314826471836,Normal
T-004,2025-01-15,Ativo,153,1692.8364612791727,Normal
T-036,2025-01-15,Ativo,149,1885.6142194967535,Normal
T-011,2025-01-15,Ativo,50,517.2117518662615,Normal
T-043,2025-01-30,Ativo,165,1782.3655059952985,Normal
T-048,2025-01-18,Ativo,103,1421.5614400591296,Normal
T-006,2025-01-04,Ativo,150,1533.3648900822063,Normal
T-037,2025-01-02,Ativo,169,1284.6666667258664,Normal
T-004,2025-01-24,Ativo,164,1863.5854938248683,Normal
T-033,2025-01-01,Ativo,136,1654.199807765248,Normal
T-011,2025-01-24,Ativo,50,292.25850384034095,Normal
T-037,2025-01-26,Ativo,81,614.4828762593114,Normal
T-038,2025-01-05,Ativo,180,2536.5963705508084,Normal
T-024,2025-01-03,Ativo,155,1034.598002501558,Normal
T-029,2025-01-21,Ativo,62,631.8170703631276,Normal
T-004,2025-01-26,Ativo,87,1286.6367866992578,Normal
T-023,2025-01-25,Ativo,129,1267.239732201553,Normal
T-010,2025-01-04,Ativo,178,914.3360973920552,Normal
T-035,2025-01-21,Ativo,143,1184.3156376613153,Normal
T-024,2025-01-28,Ativo,84,605.2713449347515,Normal
T-047,2025-01-03,Ativo,74,460.9613020643868,Normal
T-021,2025-01-29,Ativo,153,1162.4994790281644,Normal
T-014,2025-01-14,Ativo,87,1089.5907144337757,Normal
T-033,2025-01-20,Ativo,144,1469.9061242412663,Normal
T-011,2025-01-27,Ativo,63,704.5005060640865,Normal
T-021,2025-01-05,Ativo,86,619.3575536768377,Normal
T-021,2025-01-01,Ativo,188,1103.535108633451,Normal
T-005,2025-01-09,Ativo,165,1310.8406719148163,Normal
T-019,2025-01-06,Ativo,131,1631.0345580374888,Normal
T-023,2025-01-07,Ativo,99,1248.4137510335688,Normal
T-050,2025-01-24,Ativo,117,1698.1728781233437,Normal
T-043,2025-01-29,Ativo,118,1216.6807069645865,Normal
T-025,2025-01-20,Ativo,133,1453.6246324084534,Normal
T-001,2025-01-10,Ativo,107,1096.4893818464946,Normal
T-040,2025-01-27,Ativo,169,1158.2080034035275,Normal
T-012,2025-01-19,Ativo,170,1253.2855459511907,Normal
T-030,2025-01-19,Ativo,163,1371.929438091981,Normal
T-040,2025-01-09,Ativo,137,722.2297720444565,Normal
T-021,2025-01-13,Ativo,196,2681.595175941032,Normal
T-027,2025-01-10,Ativo,151,1416.6402430821013,Normal
T-032,2025-01-14,Ativo,101,773.6794707854344,Normal
T-016,2025-01-06,Ativo,79,1055.886202500943,Normal
T-011,2025-01-22,Ativo,112,982.5602810711213,Normal
T-030,2025-01-02,Ativo,199,2113.9706635970406,Normal
T-006,2025-01-20,Ativo,97,662.3800171940882,Normal
T-006,2025-01-21,Ativo,166,1889.5291857799616,Normal
T-043,2025-01-19,Ativo,97,496.94041192559337,Normal
T-040,2025-01-10,Ativo,151,1177.856367621239,Normal
T-003,2025-01-14,Ativo,101,754.3448234669872,Normal
T-015,2025-01-01,Ativo,95,1059.2027499950218,Normal
T-005,2025-01-17,Ativo,179,1472.365867987095,Normal
T-036,2025-01-18,Ativo,85,436.3922324673408,Normal
T-003,2025-01-26,Ativo,188,2474.891921652442,Normal
T-004,2025-01-03,Ativo,177,1801.4198904336397,Normal
T-026,2025-01-04,Ativo,98,1317.2870399898134,Normal
T-007,2025-01-07,Ativo,51,268.5207683762271,Normal
T-020,2025-01-23,Ativo,62,448.7669211900263,Normal
T-036,2025-01-13,Ativo,88,876.8858140726638,Normal
T-049,2025-01-11,Ativo,76,817.2701064711825,Normal
T-028,2025-01-23,Ativo,168,1911.81514573274,Normal
T-017,2025-01-15,Ativo,53,335.1063918964251,Normal
T-046,2025-01-26,Ativo,185,1466.1529184808724,Normal
T-016,2025-01-28,Ativo,174,2395.0126920230114,Normal
T-001,2025-01-08,Ativo,87,435.67752628168245,Normal
T-013,2025-01-02,Ativo,128,1324.8470170174855,Normal
T-039,2025-01-25,Ativo,116,1385.214665271404,Normal
T-018,2025-01-10,Ativo,130,1295.2761213616072,Normal
T-043,2025-01-11,Ativo,87,1170.6757958012188,Normal
T-031,2025-01-30,Ativo,152,1095.6199972741715,Normal
T-015,2025-01-30,Ativo,112,1676.499162067461,Normal
T-029,2025-01-08,Ativo,60,439.1682576695853,Normal
T-009,2025-01-05,Ativo,162,944.2839411432338,Normal
T-021,2025-01-19,Ativo,56,773.7167943513961,Normal
T-044,2025-01-07,Ativo,100,523.3520963281859,Normal
T-046,2025-01-28,Ativo,76,396.7404601301009,Normal
T-005,2025-01-05,Ativo,148,1846.6237853681725,Normal
